/*
SQLyog Ultimate v11.11 (64 bit)
MySQL - 5.7.14-log : Database - products
*********************************************************************
*/

/*!40101 SET NAMES utf8 */;

/*!40101 SET SQL_MODE=''*/;

/*!40014 SET @OLD_UNIQUE_CHECKS=@@UNIQUE_CHECKS, UNIQUE_CHECKS=0 */;
/*!40014 SET @OLD_FOREIGN_KEY_CHECKS=@@FOREIGN_KEY_CHECKS, FOREIGN_KEY_CHECKS=0 */;
/*!40101 SET @OLD_SQL_MODE=@@SQL_MODE, SQL_MODE='NO_AUTO_VALUE_ON_ZERO' */;
/*!40111 SET @OLD_SQL_NOTES=@@SQL_NOTES, SQL_NOTES=0 */;
CREATE DATABASE /*!32312 IF NOT EXISTS*/`products` /*!40100 DEFAULT CHARACTER SET utf8 */;

USE `products`;

/*Table structure for table `attribute` */

DROP TABLE IF EXISTS `attribute`;

CREATE TABLE `attribute` (
  `attribute_id` int(11) NOT NULL AUTO_INCREMENT,
  `attribute_display_name` varchar(255) DEFAULT NULL,
  `attributes` varchar(255) DEFAULT NULL,
  `value` varchar(255) DEFAULT NULL,
  PRIMARY KEY (`attribute_id`)
) ENGINE=InnoDB AUTO_INCREMENT=19 DEFAULT CHARSET=utf8;

/*Data for the table `attribute` */

insert  into `attribute`(`attribute_id`,`attribute_display_name`,`attributes`,`value`) values (1,'Summary Display','Summary_Display','5.5'),(2,'Summary Display','Summary_Display','5.0'),(3,'Summary Display','Summary_Display','5.2'),(4,'Summary Camera','Summary_Camera','21MP'),(5,'Summary Camera','Summary_Camera','13MP'),(6,'Summary Camera','Summary_Camera','16MP'),(7,'General Operating System','General_OS','Android v4.4.4'),(8,'General Operating System','General_OS','Android v5.2.0'),(9,'General Operating System','General_OS','Android v6.0'),(10,'General Sim Size','General_Sim','micro'),(11,'General Sim Size','General_Sim','nano'),(12,'General Sim Size','General_Sim','mini'),(13,'Internal Storage','Storage','16GB'),(14,'External Storage','Storage','32GB'),(15,'External Storage','Storage','64GB'),(16,'Internal Storage','Storage','8GB');

/*Table structure for table `category` */

DROP TABLE IF EXISTS `category`;

CREATE TABLE `category` (
  `product_category_id` int(11) NOT NULL AUTO_INCREMENT,
  `product_category` varchar(255) DEFAULT NULL,
  PRIMARY KEY (`product_category_id`)
) ENGINE=InnoDB AUTO_INCREMENT=7 DEFAULT CHARSET=utf8;

/*Data for the table `category` */

insert  into `category`(`product_category_id`,`product_category`) values (1,'Mobile'),(2,'Brands'),(3,'Textiles'),(5,'Electricals'),(6,'Equipments');

/*Table structure for table `product_details` */

DROP TABLE IF EXISTS `product_details`;

CREATE TABLE `product_details` (
  `id` int(11) NOT NULL AUTO_INCREMENT,
  `attribute_id` int(11) DEFAULT NULL,
  `product_type_id` int(11) DEFAULT NULL,
  PRIMARY KEY (`id`),
  KEY `FKhrps155a4labgqjr4oxtb03e3` (`attribute_id`),
  KEY `FKfcauwtscdysgbo8u4u98w10x4` (`product_type_id`),
  CONSTRAINT `FKfcauwtscdysgbo8u4u98w10x4` FOREIGN KEY (`product_type_id`) REFERENCES `product_type` (`product_type_id`),
  CONSTRAINT `FKhrps155a4labgqjr4oxtb03e3` FOREIGN KEY (`attribute_id`) REFERENCES `attribute` (`attribute_id`)
) ENGINE=InnoDB AUTO_INCREMENT=13 DEFAULT CHARSET=utf8;

/*Data for the table `product_details` */

insert  into `product_details`(`id`,`attribute_id`,`product_type_id`) values (1,1,4),(2,4,4),(3,9,4),(4,11,4),(5,13,4),(6,14,4),(7,2,3),(8,6,3),(9,8,3),(10,12,3),(11,16,3),(12,15,3);

/*Table structure for table `product_type` */

DROP TABLE IF EXISTS `product_type`;

CREATE TABLE `product_type` (
  `product_type_id` int(11) NOT NULL AUTO_INCREMENT,
  `product_display_name` varchar(255) DEFAULT NULL,
  `product_type` varchar(255) DEFAULT NULL,
  `product_category_id` int(11) DEFAULT NULL,
  `productImage` longtext,
  `productPrice` double NOT NULL,
  PRIMARY KEY (`product_type_id`),
  KEY `FKeoqkj4pefng6lf9x6v81hht96` (`product_category_id`),
  CONSTRAINT `FKeoqkj4pefng6lf9x6v81hht96` FOREIGN KEY (`product_category_id`) REFERENCES `category` (`product_category_id`)
) ENGINE=InnoDB AUTO_INCREMENT=14 DEFAULT CHARSET=utf8;

/*Data for the table `product_type` */

insert  into `product_type`(`product_type_id`,`product_display_name`,`product_type`,`product_category_id`,`productImage`,`productPrice`) values (3,'Xiaomi Redmi Plus','Xiaomi',1,NULL,0),(4,'Moto X play','Moto',1,NULL,0),(5,'Galaxy pro','Samsung',1,NULL,0),(9,'iPhone7','Apple',1,'iVBORw0KGgoAAAANSUhEUgAAAcIAAAFeCAYAAAAWvB99AAAABGdBTUEAALGPC/xhBQAAACBjSFJNAAB6JgAAgIQAAPoAAACA6AAAdTAAAOpgAAA6mAAAF3CculE8AAAABmJLR0QAAAAAAAD5Q7t/AAAACXBIWXMAABYlAAAWJQFJUiTwAACAAElEQVR42uy9d5wm112n+5xzKrz57Rwmj6RRlixnYUs22AZnwPYak03wkjbAYpaFZYG9u7DA5e6ywLLkDEvGGAewjXO25aSRNAqTU+fuN1c859w/TvX0zKhHMnehm7uq5/MZdfcbqk7VW6rv+8tQUlJSUlJSUlJSUlJSUlJSUlJSUlJSUlJSUlJSUlJSUlJSUlJSUlJSUlJSUlJSUlJSUlJSUlJSUlJSUlJSUlJSUlJSUlJSUlJSUlJSUlJSUlJSUlJSUlJSUlJSUlJSUlJSUlJSUlJSUlJSUlJSUlJSUlJSUlJSUlJSUlJSUlJSUlJSUlJSUlJSUlJSUlJSUlJSUlJSUlJSUlJSUlJSUlJSUlJSUlJSUlJSUlJSUlJSUlJSUlJSUlJSUlJSUlJSUlJSUlJSUlJSUlJSUlJSUlJSUrJziN1eQEnJEzE7v39OCHGPEOLZnufd7nne9Z7nzXieV5dSBkJIwOJ+bmIBsXV1WwtCbD1F8ffmj+Lll56DSw9YQArhXnPVc1dwaUObz1++lssfu2xtl/a7zWuK9blj227/V3P12p7sNVe+fGv5dvtjKdZpr3raWosx2uZ53tdar2dZdkpr/YC19lPGmI8uLZw79Y90aZSU/INRCmHJP0nm9hx4lVLqWyvV6svHx8aq7fYYlUoF3/eQ0omelBKllNO4y+/9FjYf3LxhC3GZeF32/BbuzdYaQFzSzU3sZS+9XAjEZQ9suwQevx1xxS6vXOfm5rCb27hy3fby11z92OX7vmodV653m/UXW3ncOoDilFyx9c13WGPQxgBgrCVLM5IkodPt0NnYsKPR8L1am99evHj2f/2DXyQlJf9AlEJY8k+KuT0HXqGU+r/Gx8eftXffflrNBlmWEY0G9LpdRtGILE1JkviSAefEy1knAoG92sq64m+uYWFdYRayrdW3raXH498n7OPf+o/FtYw/uMx6K8TrMoG94s2XnR93brZb/JUyK4R7rfsnCSsVwiAkrFRoNJrU6w2CMGQ4irh44Tyrq6sPZ1n2E0sL5/5wh85MSckXTSmEJf8kmN97UFlrfqXVar/p+utvYGyszdrqMufOnWHh4kW6nc6OaUvJ/z6tZpO5+T3sP3CQqZk5RsMRx48fZ2Nj/S+A71i8eHZ9t9dYUrJJKYQlu8783oMzQoh3zM/PP+v6628gjoYcvf9znDpVhpf+T2DP3r3ccefTmJiY5tSp05w9e+actfalCxfOHNvttZWUQCmEJbvM/N6D00KITx8+fN3B/fv3sbx4gY9/7CNEcbLbSyv5B+a5d9/N4etuYml5mccefaSf5/lzFi+efXi311VSonZ7ASVPXfbuPyyATx4+fN2RvXv3cPH8aRYXLrC4tLzbSyv5R0Bg0XnK3PwearV6uL6+/vXN1thv9Xud0W6vreSpjfzf30RJyf83tNZ/sGfP3tvm5+e5cO4UWMv6Rme3l1Xyj0S/P0BKwZlTjzIxMc7hw9dNWGvfvtvrKikpLcKSXWF+78GXtdvtn7nxxiOsrSxSrQasrKxy+vTp3V5ayT8SSZLg+wH79u5lfX2V+fl9RNFon1T+6qDf/fRur6/kqUtpEZbsClLKXz18+DoG/S5BIPH9kIceemi3l1Xyj8ypUyfJ8pxGvcbG+grXXXc9vu//tz37DjV2e20lT11KISzZceb3HvzaiYnJA77vYU3Onj17efDBBzFFYXbJ/9kcPXqUmZlZBAatM+bn9wTW2jfv9rpKnrqUQliy40gpv2/Pnj0MBz0mJsYZjSLOnz+/28sq2SFWVlZYXV1lanKSYb/H3Nwcvu9/926vq+SpSymEJTvK/N6Dh2u12nM9T1GvVZmenuaRRx4hz/PdXlrJDvLII48wPT1NvV4lz3Pa7fbs3J4DL9rtdZU8NSmFsGSnefnY2Dij0ZDx8THCsMLCwsJur6lkh1ldXcUC4+NjjEZ9JicnkVK+erfXVfLUpBTCkh1FSnFvu91GAq1Wk06nw3A43O1lXZPQ2755dsn/HqPRiOXlZdqtNp6S1Ot1PM+7e7fXVfLUxNvtBZQ8tVDKu93zPKQvaLdanD37IFEU7fayHr9OKWlPHSRo34AePMrG8jly/eTJPJsTMbZvXP3/HSEExhi01rt9av5ByPOcixcvcuONR2g0GqSZJQiCG+f3HgwWLpxJd3t9JU8tSiEs2THm9x5sBkGw3xhNq12nWquzvr7+TzJbtBpA7cBLWI8maFfXGJ8YsLKy9oTvaTQaHDhwAABjzBWTHLab6iDE5uin7UXz8vdIKZFScv78eTqdzm6fnn8QOp0O9XqDZqPOhYUVKpXKxGAwuAk4uttrK3lqUQphyU4y5XleW2vNWHuMMAzp9Xq7vabtkT4qPkmYLjM7M8fC4OyTvsUYw3A4xFr7j2IRSin/j7EIAYbDIUIIJiYmOH9xGc/3sdbuoRTCkh2mFMKSHcNaO+G7mx15npHn+T9JtyjAMMqQpz/O1NxBOss5K6trT/qe0WjEmTNndnvp/78hTVPSNC2sZwj8ACFEWVhfsuOUQliyk0z5vk+WpYXVZMiybLfXtC3WGnqDEb3j5aSgfyy01uR5jpKSPMvwfQ8p5eRur6vkqUeZNVqyYwRB0PT9gNFohFKuze0/xfhgyc5grUVrjR8ERFGEBYLAb+/2ukqeepRCWLKTeOBugJ7n/aPE0kr+/4O1FmMM1hp3HVgQQpSDAEp2nFIIS3YMIURxvVmUklhLKYRPYbaE0F72pUj4u72ukqcepRCW7BibNz3P87ctJyh5anGpfMRYfN9HSokxpmxfULLjlMkyJTtGmrokmVq1ghCyFMISACyWarWKsYI0LWvpS3ae0iIs2XFKASyBy68DgcVuPlZahCU7TimEJbtG2cPzqY24/AKwQHk9lOwSpRCW7CwC7OV/lJSUlOwypRCW7Bqlh7TkCuxVVmJJyQ5RCmHJjiIAUViCQpRK+FRmK0Z4+XVQXhMlO08phCU7yhW1g+U97ynNFdZf8WvpJSjZDcryiZIdwxgTCyGuGRr0g4DA87B28yW2uDNakEXDEWtdlo21ICUoBVnOpTdtPncFl2ViXJ6UIQChwOgrt02xRmPcPqzdes4YUAqrNcZYVBhAmmGtRSjptq8kCIHNc8hzhFdM95Vyaz9Xr8+yta8r1mJBa1DF/6pGg5Bb67z8PEnhXqe1+7e5v802dpt/i+I/m8eF6626uU33GYmtlwLGuN6wAtBYtAVpLarYppASYd35t9a4NQm5db4tCCnIdU6SPL5EwhafX+kaLdkNSiEs2THCMAyyLKNSCdwDV930qkqhb7iBrN1C5xrhe9jc3dCFr7C5RUiJxSI8BVJhwxrm9EnIUggDaLfxpQKduhuwtmAVBB7oBMIGGAujHtRqUKlDmoIwEEVgDYyNu5t4uwUmhZU1UD5gwGuA56N8S/PQAbpLS4j2OHaUYFeWweTuYLwaYmIazAjb7ZOdOQNZhDcxCdqQ93rgKcg1slZDCkE+6EO94dbteTCK8MM6TLTdWhtNWFmCOAJhwQq3TiyIHMIQhOcEL09ho+OeV4UQ68yJYpYX73cCaS3IapPG3nlGoz4ih3qlQm/QxavWMFoTr6xBJQQdc9ve6wiUx9G1C/hSkWY5QRiQxBH5wkJh6Wdu+9JAGNKe2UNYr5Hd/yjJ8cePtBKI0hos2TVKISzZMfbt2/czSZJe1mj7yjuf1Zo8DMjaTVhacY77LAMvgDQGhBMkbdxNNh4R7D/IM170Imr1KkmWcf+xY/QHQycagQdJBqlxv3uFUCQZNFpQCQAD1dCtJfCcuAQKfA+UcB2/ZmaceMQpjE+6Nc2PE01PkHb6UPWcFZiOgVdYcGMzgA9eBdZXuPGuOzEm4/jJ02ANU9dfj+d5+Mrj4toGeRozvn+MUa6p1Gp0k4TJW29n7cIStNtQ952gN8eh1QKbwCgBKyH0QGgncokFzwdfQt4EI2CsBXEC/R7YvLBYcQoYBFCpU62NkzUq1MbbjPoD1tMUMz5O6isYDNlzy60Y36PZrNKqtHnBwf20ls9yanmdPM9ZW1+jNtXiRS/7ChQe1uRYkxIEPnGc8M77Pk1Sr+DL7aIx4pLVWNaYluwGpRCW7Bhzc3MHzp8//wQTJwR5lsLFi7zl5/8Hp86dxWqNX6uTpQl+4NPv9Jnau5eVjXWeNj/Pt/3H/8g3vuBeKpUQaQw/89hjPNIfFBaQhtw44dIJ1CqQDZ0wUjxfDyGOnUXpSZCFqOgchiNoNJxluLgCWkHch0GPTA/JltfAerB80olmfRxGGaQRpItOeDpdxkKPb/iq5zE3Pc0fvftdHHv4UX7yjW/kHR/9KHccOcIv/MVfkErJL33v9/GLf/onfOW993L24gI3Pv9e/s1/+1nYWIaoAZ0NwDphy2InzBbINt2huRP6KHLHgAAtYDhwz3kedPvOhRpUIc0gj5BGYYOE4UKXqblZqlKR5Lk7H8MUUs0b7r2XZr3Kpx85xtjYBB1rONyY5gU33sFGZ51fecdf85xbns5bfuDHtv1kX/rv38y7H/0c0l7jsy/1r2QXKZNlSnaMZrOZxXGCvDxedxUWwBqUtSgrkNJzsSjloUwRBjM5Umsm5vaysrTET//JH1MJA/77X/4Fj5w9C+2ms45GMSTpVuwtTp0wWCDXhVWZbMUCtYE8h1Q7l6rvu+c8CZPjgAGTudeMYugO3Pbx3L84du9NM1hahCgGzyOVin4cs3dikkpY5XnPehZf8ZznkGcZR48/hlKSF971NA7v28uLnvMcVBDwyrufy9Kxh5zARSksr8HcHIQK1ladoMWJs/7wAIWaP0BQqznXr+eDr6BZde5RY51VbYWzEpPEne0gxGQJNgiojk2SW02eZLTCFrVqDRWGIBUfPXGcSr2JtYYJ32d1Y52l7jrnNla548ABnnPrrcgguPZnP9bghukZDjXHtn9BcUmUMcKS3aC0CEt2jM1J5NduomUJpCSenuQrv/s7wQ+hOQZJBIMe1JouBjfswdQM1P8AZmY5f+4CP/brv8HJxYtOBKVwbkRrIc9A4yy2zDhxC3xnHdm8sKIUGLaSU8CJmZRADisb7jGvcM1Wai4GJxWgXcJOGEI8gHjkhCbw3TZ9nyga8rFjD/HpRx/lgePH8bB840//JAvLKwyjmDjLOH7hAt/wn/8ze6enWVxaxlpDpKSzSrVAHbkBo1JsBwgrznKtjSMmm5BFyFobmaQ852mH6WQjHnj4EUQ1AK2xSerWYopkGmtdvBABqUviSTY61A/sxZMWE1So1hukeYw0lsjPuLCyxm/+3bs5PNnm3Q8d5cDUHFjBWz/6cc5dXKbaaLKwvsr3/8Fv4gFaG6IkYzzwONRo0uxv8LU338p7j57Z9nMvKdlNSiEs2TEeVzaxzbd/95RwcTHlw1gDbMMJlx84cWrUoFYFH8gVNBqcPHUCmk33XmNdPFApJ5y6sNqEcsInfZfEkeYuFiiUSx7RRbajLrIpR4lLEDGmyChRkORu+6pIwElHhSUZXXZgxu1DKUgibODzsU980sUZa1WwlqXTJ2GsDTkgfR7rnoYs4+SDD7mknzyDVgMqDahXnYBfuAhxhpifR7SmMTLADlbA97DJiOzUSR4OfCo1DzDYNHdW42BUZIhSxFcvy0yNImjWQUB3OGCs0aDWqJOSYwVUwipVv0JnNGDYW+fE4jkEcHxhCd+v4AceH3vsUY5Mt2lUFD/353/k9mMtZAnzjSZPn59nfKLGF7oXONVdu8bFQdloqGTXKIWwZMd4otKJ4gU4IdNO+HLrLKIgcCI3ikFRWHSh+9npQ70OBw/CoHBVGgNkbnuVAAhdUonOnTtUp5BJkIXF6OOSS7zChai1i7UJi3OHFvFEa8Bmzqoy+ZbuWe3ijn7gxDuPQcfud4EzgVstJ0IC996xCee69IvjDD0woXtNtQJYlx3qS8Cgjz3gtu+H2OEQm1HsJ4d6HZOl0Kqzurrijr+iYJA4dy3CbVdaCH2XLKSLhJlGHVoVsJLZdgsdeiSpJk0SDIZKtUotrBFkAQxHjNdaeMLSG/QRvkdqcg5OTHPXdJtBHHH3dTeyluXUheS6VkCS9VkYDlhcGRCFkljr7T744jyWyTIlu0MphCU7y5Pd56x1CS7aQLXmrKo0d/fKqu9u/LlxyS3aOOspjpzoJZmL/QnhxMkLXExQiC0RFFxWlye2LCVfbcUON+v0vMJlmmbOSvRkUXaQOzFL9GX1fKKIF1on0HnuhArpRDsrYnIIJ+xx6o5DFBbm5jor1cJ9qaFS2fpSUK+4TFeA7jp0N9zavSJjteK58xEPoDXl3MHpoFiPABVAECBC39U9xrGLI4YeSE11fIKnHTjAfSvniWxGWPHwlEIDnWTIXKXKvmqFpdxgPMV4dRyFodsb0NExD/cD9vk+c1XJgRqEStDXESCoSslalGGDCkptP3fXlu7Rkl2kFMKSHUMpdWWt2Hb3PmOKxxUgoFqFXm/L3WkS5x5NYlAhVNtOCEeRE8VKpbDeihq7NAZMUWDOVmF+tllwLlwNoRCX6urwizhamhWZlWarmH6zrEIVMUgjnUUndGH9FRakKTJThSjilLpwS+JcsZ5fxCitE1elXCZnGLjtRFmxD+lEP0nBj92XgzAoTl6RBNTvwBAn4krCIISgDvW2S+6JRoWoCqyQiFoFAtx5kYrx5hR37N9LA2j6IdEoIkozKkFI4PvkecIgjhlrt1EqJs8zBmkCcU6aJKSDHirWNNqTtIXCDzQ5CcrkLEYJF6OUWBhCnWO2nTdoi0HNZbJMye5QCmHJjrGxseGHlaJmDwrX49VYZ4UpzwlXv+8ESxaxvLDmbu66sNbqTVfe0FmENHHuvzgp3JeAX8QMrS6SaIqEEVGIiNkUyeJ/BWGcNWWtE0uKzjaWIrEGZ6HmxXN+3b0uGzqRNICounigMc46hKLwvXCnJolbi7Bb26lUXP1iljh3qMBZuCLf6gAz7EM2cseTFdmwSjrrU0poNhGDIXblAtRbzsVarSIqFWx/HcIqGI1NM8DiVQPCepvD0zMoAQ+srNCzBmRIPOyQ5ZZ2ReIrj0RYTvQ61ANFNIzoRRFKG4QxZElEJ7eclCEvnJmnXc25OMrpZoZhZqkrxShLGCUj8nw7IRSXdaApLcOSnacUwpId49y5c/dZa58lKxX3wHb3PKmcVZVnhVEot1yWnnBJI9Ua9FNIRjAeO+up3YT13CV/SEBkTqAshXuxcHemPbAj8KfB1goLTrvuMtJCIIsyC1NYaSGY2InPyioMh9BqOhemFJB03Np83wmkV2SLGu1imisrTsDn5otjKbJMKSxGpdzjUjkhT1MQgXv/6qqL4QW+y0o12lm4RkJmQSSuDtJTrsQiiLDxAIaRK+yPuyAmYWbOfXnoj1yyjuejvAp+WEFbw7HeBtHpNdApcm4WaSV4HjpL6YwSwnoF4QuUhNBWsBqyKCJbWXQCPD5BYnKWRuuc1TX2aY9ekjHIDAmGTq/LMIoJ6j5gN2vnL8MWj4vSQVqyK5RCWLJjrKys/PjMzMw7hLxUNHbVK4r+oeFmjE27KzQv4mX9jkuaqTVAdyFdpt7/CmrhvUjVRszhYneycE0aU1hixb4MGNsniT5Dd/UPQK+CbrvaPOm6aGKlixdq7aw6cHG4k6c4cPPN/Kuv+zqec8edNGt1F9e61MfT49Lt3VqklIyShKOPPspvvP0d3PehD8Khw0AhdhQC7BWlHJlxSTteAEtrkGZ807d+G6+59x72tdv4vo+xBhGMQ9By1lM2wkbLCCEwuWFxdZl3fPY+fvl//aET7LEJsAY76Lp9hIGzWus1Kn6FbDgkzXJYWeHAkev5vpe8lOumZ/CLz0Vr7fqLCokUAuUphJB4UjKKIk4snOMX//otnDz+MPn+QzSF5Wyvw9oQJAZrDBvxkGFmqFhJNsoBeQ2xE2WiTMmuUQphyY6RpmnTD4LLyiiuuvFdKjDcbFBtnHUWBoCGoOIsp4sXwawwtvcHmRp/o/N8WqdhV7BNuElKaMl7qLafz+LJ7wEZQ2XaWX7NGlw8WzS2VoWY5rC8zE23384n//hPaNcbf69jft4dd/Cdr3sdr/ru7+Idb38bHDhY9BINndiCEz9TxDWL2ORv/dRP8a1f+VXbb/TBn4csgru+G7jpsidu5pX3vIBXPPdLePW//C7XUWfoElYqszNkEnRuUXjkxpADrK3ztFtv4T3/7oeZnpwi6vfRpoiJFoJoLzXmtpeSWgLP59V338Mb730xL/uJ/8CnHvoC9sABeoMeaeBuK4NBF094vPLGW+luLPHR5R6eeuJbThkiLNkNys4yJTuGUkpZ8wTf+gXOEjRmS8QC3yWrGLbiePkiQe1uJg6+kczPyVSX3O+h1VX/5OP/ZfRIzID65LOYuPXfER5qurvvvsPOKpyZdh1cJK4lm5RgDL/2kz/lRLDXc2UamwwH2x9Lv3fFn3/yX3+OytQkdDtFQbt1fUPrTVwxYZG8s7rMi7/y1VeKoDHoiwug18n/5uXEb/s+4r/7EfLffSH0T4M5DWZrf6967pfwba//Wli4iBibQI6Po4XBBj6qUUdog9ZghIV6wE+94WuZbo3xhRPHObW2ytn1dU6vrjCwFh2GpL6PqVSIhOD82jrn19c5tbzM/Y8eY6zR5P/+lu9C+iHd1XVMnjsDN07IhinpMOLTp09ydGGNipRU/Gt0nxGP+6WkZMcoLcKS3eOa9zzpXJpau3o3WSSEBDVn9lUqVA98OSIEa0cYJUn1k+/O2qJ0TxmMgOrYXQzVfpd4sr4AF07Bvv0u5uYVa8gMrZtv4e4773Ti9ru/BpPTMDnlJkKsLEN73MXu/MDFL+PIvbZShVodrruB+r79PP05d/Pxd/wNtMZdQkzFA6NgEDkXqfJB+rz+nnsvrVk/dpzof/5XCGLwlvAPfQb/+c9DboBeu0Dv6Cvxbk0JBwPU1G9C5RUAvObeF/Jbf/KHoATWGLKNHkiFqjZdJUnRXWbP4cMcmZzm0fPn8KWi2WwhhKBSqfCB97+fhx8+Rr1eZzgccuONN/KiF72E0WiIBUajIcfOneXQxCQ3HjzMw48cQ9ea9HSfKBpgE8Moi+n2IQiq1BQko8G1PyBR1hGW7A6lEJbsPJdudlcqoQDspekEsojbFfV8WQJ+DqkHfg1VG8cGoI0kM05z+ol9wqTDZijIDUQGmg3IF/skJ5fc6KOlFai1XB9PUZQmZBlEQ6YO7MPfXPftd7lpFCvLTqhn5mBmFs6dcXE4o51oT83AaAgXzjrR3LefuWbTtWZDOMFMI6jWoTXmYnpJBHnKVLOoF8w10S//Bvljj+A/53qyB0+RfWKF8R+cg/mA5aVlRGqo6YOQLxKufRtq/hjIcSbHxqDVwnZXXXKNp8D30cZ3lrXNQQv2j02DteTGYITgrX/1FgD27NnLT//UT7K6ukq9Xmc0GtFut4jimOuuu45er8/U5BSNep08y7h+eg8Pnz5FkowwkcYkETbNMVpTbTSp1QPCoE7iVXi8FIqtROLSN1qyC5RCWLJjbH7bv3Szs4/PHRSbjxvjSgN8tZVckowABckyNu9hahBncPtexQ9+WcBtM4L1ePt9N3zoxPDfP5LyweM5sY8bbbSxDusbIGvOUsuHzkLMNOQJ5BobF3WArTZ82UsubdPV2mfg+4gbb8YaQ+XqMUPDocv4BKzyXElDWLhc08z1UN1MHqo1IFwnyxL3txIEaIIj18PUDJW7DmD/7mGiP3yYpdfV8CciZievA38aVSu63kh3TnWeOdENi5hmkuCK+3OQChFWsWlMkqckSUpzfIy/ftvb+P3f/13GxsbwPI89e/YwNzdHlqUEvo82it/+7T9iZqrKysoaL3/5K/ma138N0WDIRjQEm6ONQRpQUpFhkELhCx8RxfSiHM+YbbJGNz9/W1qEJbtCKYQlO86lW93jkkZtMQOwEEJfFoNuTWFtWVcGkKUgNabidOTNLwqYbAhqVcHBiWtbFG9/VPPmLw14cMNwdgRBWNySlQfjY9Aeg4Eu9um5gvRBRFBvbU13v4zBYMDHP/7xok5foTyPhYsXeeWrXkWrUQhQvX7lcYehS/6xeis71ebF6zzwAsxmQomQLGY+0d+8k8adN5EMLjA/BRfWMhbv77LnHslbzw9piA3CwWnarTu4dTokkGAwRQ9V4fYjBVQDV26hjSuzGHSJRzPkuUbnmvMXzpNlKUopkjhBeYo773waY2PjrG30OH/qM8yNpZxczOmsr3Ph4gXSPHcF9qMBjCJEvQ06Ik3TwqgX9PpdZqdaNANJN4u2EcFiOn0ZHyzZJUohLNlRntTzpc3WzfuSZaiKovjiOaSrKaxCImGqIbhrTvKTH075+js8bp68UrRGqeX//mTON9ymODIhWcmcAUikXVyv1oSagKTviuaNcckshRvTP3RkW5dds17nhffeWxyXYHl5mVMnTuArtf2x+b5rr6ZzZ7kp4azeWsu5U8mh0cBvVsHCsV/5AHH1ZkZ6nN5b3k+75nFMScJnGroNeMtqSFwVtI8fo6Hm2BfsY+P4N/BlN/4WFTXjags93/UdrVVc6cQocjWaJofBEEYj0iwl14YkSVhZWcFTHqMo4p5772UURTz44APs238dBw5ex2c/9V46o3HWN9aJ4xitNWmWYTINmUaYFG3BZBahLLnVYCwbwz5NP8T3t7vlbE6nt6VrtGRXKLNGS3YMN4bpsu/9V5sGV9wEizo7Y4reo0ULM1W8xpdQAWqSCyNLqODf3xPwK/fnfHJxa/jrRmz5kY9lfH0hgmd6FlUV7r2BgqkpJ6r9HqwuuCzQNIFBHzbWoFFhuLKy7TDhzaSSSqVCGIY88MADPOMZz6BarW5/AoKifVqebmXHSumSa+BSL9Gg7sOCZf3+U9TmJ7jhX/1nms+9m/tNzqm+4bbnvp7w27+fP/q84din16gHN3Lnra9jvL6P7ug+4G14oo5rYI77KcXWOKtR4gYK5xk2ikiyjCRNL30+URxxw5EjKOXx9re9lVOnTvE373gL/ZFPY+pZ5MnA1S4aQ5KkpGmG0RqEJYkjsjSBQGKtRfkhjdYYY61pgloDXRTUP+5cFuezdI2W7AalRViyY3iedyHLcsJg+8bLzgJkM1BYTHso3JdCbrXgsgKrLLYGVASiMMBWEstsW/I3Z11W6ERF8J6zmmpF0DPu9utJMBWBlWAbNWhNwPoyhG3I+iB8CBog+q7IvbeBWDm9JVrXYHl5mV6vx8tf/vJrnwBZrF8UySFGuHFNyQjGqi55ZmUFm2nwXa+VSjogt5ZH9r2Y1W6bdOU4b1l7BW/9q1tYOvM3MDuPPDfDoQOWA7UhyyOLU/liX1pDu4WoetjzF1y8VQVuXmM0wo4i0jQjyVKyLCPLMuIoxvcC1ted1Tc9PcP62ird7hrNhscoii+9Nk0TkjRxAmaN618g3XQOKX3azXGMSdHWgq24z+4ap8cCWuvl3b5OS556lBZhyY6xZ8+er+l0Otd+gaXouVmML5Jqa1iusM6q2Zwi7+Hu96HgUEuwHFt+9WHN9z3N44ee6XF0w/J3Fw0vO6j4L3f7fHDR8LFlw966QATOrYqfQ3/VZVRq7aZJpKnb51gbJpqu/KFada7ZJ+DTn/40N9100xO+hixzbklRtIqrVFy6a6Pptp8koHPSzhCmBXuffwODlR7vevfHWTh+hrmxGU7teQY/9b7P886ffScH/Kez92CN5WSVX//wpznXOcv1ky8BXk1mezAa4bcmCJot7GBYxGA99wVjYw1yMF6FJIlJkpQsy9G5xg8CHnnkGBMTkzztaU9nZXmZ226/g9nZWR568AGCIEDnmizPSdKMJEmxOoaKdJaz0Sg/QPiKTm+N3mjEWneNOIqpb7bXu4xNC3E4HNFsNr90t6/TkqcepUVYsmNUq9XvUcojy4vWZVfHgwRbY4g2hWezMbUtZgWawjr0nZhVmoIH+s7S+4lnbl3O33HzlXG6N9+u+PSK4T1LhrGWYCiATu5GGjXGXJao58Fkw7kwN7owTN08P4GL5V2DxcVFer0er3zlK5/4BAjhOsrIInlFGEiHxdSLIu4ZeORDl/p6+Bvv4e0rEd0Vwa3Pb/PohUU6wwZ7LizQa3uMjb2KsewUh541xsmFs9zXqfD1z/gRwCfJVt25nJtCWOOOxxZjpIR1DbhHKdZa0iwniWO00ShPEQQBvV6Pz3/2Mzzt6c9g34ED1KpVPvuZ++h0OrTbbZRSGK1J4oQ0SdF5DL4gaDdJOxE6scVwDEPo+Vivyt65WezpZZauOi0uW9QQBgEzMzNfc/L4w2/Y7Wu15KlFKYQlO8b111+fnzx50kuSa9Q4COFEL0qcyzDPudR/dHPqeVBMfg8ksgr1puC/ndD80E2KdQPd1F7aFGxVaISFLv7Pk4YV6/JTslC6gbqdHkxNOgGOExgNXIG89VwCSJo9YT7jfffdx8033/ykxy+LOBpeMfIpiovjU1sjmXwPGbruKxpYb04x+Yxx1FSNsH2A3nvv5+BtNyIPhtx//ixH5p/BzHiV0Julm/dYjTVTFR+ZaWhUMA1Jfn7BNSNXfjEKSkOjDcEIogFZmhEnCUopvGK81PjYGCsrS3zgfX/H3J49LC0skKYp4+PjmEIwfd8nSV2MECykOX7YIPdizCByXyyEwPo+zUbA2mgNM+xv87ELtHZfBm655RY+8bEP7falWvIUoxTCkh2j1WrZKIpRcvs6QrCu0XWt5qylejGyaTNRRhvQbj6g9SxUIawKLmj41gc0iX5i96WS0PAElYrAq0BW9Z345bmbdKFNMYUCSHLnvvQFZrPTzTYcP36cTqfDq171qic9fqsUl8Y6bbaRs4W71/dd3WKSODECpLWEvuXR04vUzRgXTyxipuvsefmzORgErA03OLlxP63RJKc7JzgyPk6jCL9KJaE/wA4TRBhgAx9SfVkz8T7kKTp3iTLp+gZHjtyEeKXA932X1CQExhp0nnPLLbchpBtdZbGkacr11x+h0+kgc42VHiifZNDD6BjU5oxGj7Ba41n792NUn/fFvW1OjPuRZRn1y8pNSkp2ilIIS3aMPM+RUmwFha52jVpcRqVfcSUNNnYZnMpzyR21EDZWIIox0QY0gA1JEFjG3QafdA2uV43FNsHkAydwzXE3+8+zW4N9wcXzpGVl2CczhkA+vizCGMM999zzRR3/uW7X1RH6AchiULDRzhL0fGepZQkL3U5xegRf/upb0LlBDxP2PW0/5xtjDCoeYWq47aZ7qUwdw1enuGVimu+87aupKBeDW1pfhzRB2oA81kUT7WIAsHSJMmQ5G3nOKBphLUxPz3Ld9UfQ+sn71SmlGAz69LtdQt9nYCwEIdakSKmwSiOkoTXd4GkzY5i0y965aW6cmOHYqZXtPxshyDfd5iUlO0gphCU7xuWp8ZuJoVe9wIlEELgMyv5GMalBgaq6tH/fh1qb+HPvxX7TP0fOKExHO019Mh0sjDHhe6g5iB75IIxGMDULZgjSAIXVtOmarVQZrCzy7mMP8Ko7nva4Td54441f1LEvbWxw/6c+6aZcWOuO0eZb5RSZS5QhrPK/PvQB/tWrvxqAiYkqX//tzyIepfi1gM7HV3nvsTWEFDx9T5sfe9Er0QypeVdaUn/47r+FehWRDqE/LIrr9dZ4Kt+Hap3u+gqPLC7wgutv5sTqEt1e94s4ke5kGgvXTczwyfPHWewuUWlX8aTAKoms1vHrFbApjy4tMD4WUjcT17SsS0p2k1IIS3aUzeoB4PET6jczRIc9F6PzPPeGJHPDcGs1kA0Qluyhj7L+G/8Pk9/3A3hzChNT1MyxTcearcdF4Cokum99H8P3/iFMz7vyBWGgGhYu0sKCkgqaVRgO+fYf+yE+8vO/wpEDB//exzyKIr76B95MNohg7x4nRFlWJODYIkMWV3YwOcsn3vs+fuL3f5f/8E1vvLSNSs3FDX/gS6Z42dOmSAw889JEqCtF8Lf//C/4i/s+CUcOky0uuGxYVQwmrhRfNIRyI67iPr/7oXcx1xrjcHuCURyhjXafk/QQntr61mLspc9ICknN8zm5usQf3P9hVD2k2Wig05wsS2hNzVKrVVhbOsHQWKq2wZlhnwvbxAjdRy/Kptslu0YphCU7iihupEVKy+NfkKWujRoUlplXZFoKlxoaVJ0FF8cM3vI/yM4/TPUFX46aPICxCm00njHk1uAHPiY3JHlO4HsopbCDZeKHPsvofW8FP3TJN8kIGrXCVbm5f+Nco4EPzTbLp05z67d9I9/4slfw4mc8i5mxcVIDxmo8z4ckLYRdYAq1T/OMo6dO8ltvfztnHz0O113vLLEsdlagtS4+uFmfaIVzA7fb/OjP/jQf+cLn+IpnPZf9szNUAhcvbVY8xgOJZywfijXD3F46p2cWF3nPBz/AX3z4o8gXPgeztuom2WeJq4msNWBmCroD6A5dQ4EDB1m1CT/ykbdx78xBxmstWvU6nhSYNMKmGS7903XBEVgkitwYFgYbvP/EF4gH61T3zDM9NkM06LKea3LTZyr08MbbnO/22RgmjGQXtc1nbtnqM1p2linZDUohLNkxhBBYLAJ77VZrFicGSeKE0C9q7vpdGPah0UJoi9h3PebQdSQnPkfymfe6er+g5t4z7DirZzCAaoP6eJtOMnJj/+LEuTxn97t4YBq7n3GEMymLXqMegFe0Wstgdo683+V33vNufucv/xKWlmBiHGptl3WaDt2afd+JdrvtavWikSvav/PpxXim7pZ1lhTNxGWRRZoXCTRBAFPTvOutb+Vd73gHjI/DxgbEQ2dJwqUMU/yi1GTYh2EMzQlqX/M6grpP5/4lV/5R8YuOPAIurrr9eh60W9CsIQeWdHGB9y4uMH3Hs1nfWEZHXRiuwYlHYWPoLOcgcJmuRrhzJHKYnUW02iTxgDGVUGsKOpmHtZaFYQelAq6b2UeS9NkwBr1NPeamwVn2Gi3ZLUohLNlZCmtps7fkFWzW6+WuPyWeh2u1lheNsCWsLOIfuQl15Eai5WXwbofTJ2A45Ib913H3XU/jCyce5rmHDvOuj36U2sQMdxw+xMPnTvHA0Qdgat5ZYFIVFpzhkk81L9yUQgLaiUeauTqGfo/nPfM5POOGI7zt0/ehZueZO3iQJNMMuz2G5OydnOKRE4/x/Kc9nSjPOfbYI7Tabephnc9vrKJ9C/0UZOjckptCL6UTNonbZ14k0tTr3P3cL+Gem26kpw0Xuj0+/PGPMDc9yXi9ifI91oYDMm3wkoTeRofF3hCbjBie7BbzHHMY5k4wJU5IgwAaVfclYDnCGA1C8qUveik3HzrMh+4/ipqeIEv20Nx3A7U859jiEtPjU2hrSKMRYa1GLgwnLp6mUvURRtOJ17FCo4I6xmbEccyB9jT7xpo8sBoT9fpFzWRJyT8tSiEs2TFcv84nyGq5JI6maLdmXXNqkxcxOzeUNx0OEJ/7jKuLExKxdy92dZ3cCO694y5uP3yI1U6Hb/9nX0s7qLDQ73J2bXVrGoOUTnA3+4ca41ygEkhzJ5CZLso7iuJ3LLcfPMT7v/BZqli+99vexEYUsdJdZ25snAsrq5Br7r39dmrKZyUace8dd3Dr7Dx/8r6/47Of/4ybYyiU61qzsQ55UVSvzdYMKm22EmmSmEOTU6QVn8xabmsf4LZD30DWWaddq9PPM9ZWVwgqVW697noeOHeG33j7XxEdfxQMiCDExrHbcGbAy2Bm3IluVrh/0xzGGtCY4Na9e3nX5z9NO8351hd9FVEcM1xbZZTFPPM2wVi1xkaScbazyq0HDzLWavLmX/0ZsB61ms9Sdx3pB+Siwt5Gm9mKh1WGQTogsQF+rYZR27tGS0p2k1IIS3YUsW266KVni7igcKKknaVyqUF17gESFhewnnQ9M1sTsOcA5IZ1X/LWD3+ENMs411nj+TfdyGq/x8ZoyPlOx7lPN0VQFPsTEmcRWlCbWaOmGJFknDtVKBAe7z/6Be6982k8fOY0H3nwflaGIzZ6PSZbLS6urrK2scHc2BgzjQaZEHSmpjh65hTvOfqFwgJW0ApBx66oPtPFrouyBk9sjZ/Srs3bo8sLvOvEw8RZyqFqg3qjxVyrxWL3MVJhmJ6aoH9umdOjgbP6KlWUcMcoVEA+iothwVlheRq3z1oRH401ol1H2pwPP/IQz99zmDPdLvedPM7ixhJnzp6h3+0w0Z7mluuP0AgCjl04g8ljROATVhsoacnSlNwY8lBw49wkz57dw7nBIg+uXaClxqkFVfwqLGbbTyK89FuZLFOyC5RCWLKLbNNibbN43vdd0oqwxX1Suhu4p1wMUeEsxTTCnj4FSUyvEvDOj33EWVqe4ZFTjzjrRxSi6bkBuS7xxneqrDWXivbJIBCgva1SitwUojTGY2dP89jSRRhFfOwLnwcvcK5TX7l1Yblw+mSR7ZqD8NyxhCHUqm5i/fRhiDvO0vWK5Bil3HaEhJrvmgYYDVPjfPbsSVc2kmuOseiK4f2gGBFlYXbKPXbuPCxc5Ma7v5QNmbJy8mHoR9BsQGdjy9XcHxUlKIFbc9vNJ9RScvTsCY6efADijI9NzqDTEWYYQQoXBqeJA8VtUxOc21jkoRMPIkKfmekJsiTB5gZlMzzlMddqciFex5M+FSo8tniOsWqVyuQMshhSfOXHvlVbWibLlOwGpRCW7CjWXu4ctdu/QJutbEpbuFOF2vpbee5GHuWuG4u0UC+yPsPADaD1JXjGdVMxFHMOL5sBCMWkC+EsKZG7Ce9CQC5dvNDiREoU7tGw4vZfr7mEEQuulUtR/4hx8cRK6Fyew5gi8Of+zmJYPA8NN4Xh0rBhVQzNFQrQThSTDHyKeKZ0wm+NO74sc79Pjrlhwr0INjaQ7T0sa+gvn0e0J7H+0G3fD0BrZHMMqlXMYMMJPDmYGIsgGG9SazZIE8lodR1lMirKp68jmhNTpNmQUxurNKuSuWaDJIdaxeD5AmsEquYRRZaJRoteOiTJY+4c30tl2rLSXSdKc6arIV4tpLfthbHbV2bJU5myurVkx9isFQO2L5+wFsKas6Q2O4xYsWXVeUWCiy1ieHnufkoJE+2izg0nOlYDm5YaTmxksWcDUGRuKs9ZbIG/1ejbFrMQN12ntsgc1XkxHFg5gdwssZBFt5bYFFandckwUjlR3BxG22xAPYDe0MXs/KK4PoqKEgrjBucaXJzQGJfhaQvX7WZrunoTJidcycegD8MRWI2dHKMzWECvr7kyk8YY1dlZ6tftg3YT0hibpTDecudpMII0RVQDbjp4AwfHpxlFAdiQeHWJfrfHxMQ4oS9QssrXPuOZ3DI+w97mOJPtEBV45LkmqLhz2WhM0QxDeoMeAdDTCY1KlWcdPIwcqzPeUDS9x3fnKSnZbUqLsGTH8H3fxYDEEyTKa701pd4W5QRKbYmbEM4VaChid9JZPJ0N2OhAteKsp02rTxaWoS2sTIo4mSxchdI660gV4ib11lxET7kYoTFOcFUhnLZoUUMR26tW3DaqVZiYhItnndtUFf97KVEIsXRuSS9xFp+1rpYvE26afF64haXntm03E3Zwx12rQLVZnKPE1QLqtLBODQ0Ts+/QIY4tLmLPn6N96w3IoEq8EqEOHkSvrbtpG7YGGmRrDEIfE0oSo5mqjDM5bYmUQuc1Ko0xau0mIk+4dWwC4ynOrY24barNzCS8/bHj1PCKw9QI6dFN+7QrFSarIYM44kw2YKIacsfUJNMVn/XNGtGrKWLHnlfekkp2nvKqK9kx+v0+vudjzGY/yasKqIVwxd/SOsFI062BvGaz24vc8q16hbUolROU0HOiFbpsUtdOzDpRtKZIjBGFlVm8H+1EKJBQ8y5zywq3z6KQHK22RFiKq9biueSTam1LcKXvXJihcsczVnNt4pLEuW0pLMU4LY6vyBzdHERsN0WxaPidZq49m4ebMm+Fs2IDz9UK5pZYa5aM5wR+fYO40yUxzmIUTeHOUaPhRDqQ2IqbGUg85NFjn+dErcLBuT0cufEGupmmHfhE6QAvbJCkKX/y6GPsr4fckCdM1ypMjbXoDPoYnSM9Q5T2mKhOMDc2ic0TOnGHShDQiUbc2Johkn2iPNr+4rAgpSJJkt2+TEuegpRCWLJjHDt2zNfaEATepalKV2QJ5tq57cZasLJazO9TxXR4vxAFu5XkYkWRqCKdSzKouYL5VLsr27rRQK7IXRUBysIlKnBdbCrFNmxaZKYWVqEpMlWN54QwLOYh6uKf4lJZBbKwFJMY8nhrzVrD5DRisoU9t+h6fo5VnAWHgAw3MzBLi2SWosg+z5zAZcaJZa6diJkUBkO3njSHUeqO3ZeQK7I8Yf2RB9x2xlskSysgJWJszK25P3QlJyjwPWw6wKaJO48yQPc6nEkz4kMNRKDY7/kcaUzxoZULdAd9Zho1fE9ycjRk1mheOLOPdydnGKuEVNSQwXCAJ2Chu0IgAyp+QMX3SdGspWsoP8bfJhpjASklFrj//vt3+zIteQpSCmHJjhHH8VuGo9Fr5udmgUKPLrcIZdFFJs+cVeVtuitFUfdeWHWysASNgZ6ExS7MN2DqBuifc51evEI0TeGOTFZctqbOoV6F6RlAQooTQiHca3MKS1O4pqSiiBPmxX69wMUmPeHEcLNptsldBxeMi93ZHGwVANtPYe8+Z5ltrGNtYf1lhdBinSVpcQJopNtesggygfmDMMqgt+qSaqLCteoJ9wUhKTJc6UMagpoGU8TiqlWoVLHdnrNcLU6spe/26Qt3PEJCVaErkosiYV9ziosiY4jGb9fpKI0WBqk0Hxpk2I0+N05UmZme5AZ/AqlXWTOGTh4T6QylPHJpyYVgPVvDtwE3jo3x8DVco1JKhtGItdXVT+z2dVry1KMUwpIdY21t7Rempqdfc+mBqy1CKZ2IGeMSWzbjRQLcjX4z0aXIhFwRTB3R3H63oT23BJUOdjBwQiqyS11s+ul57pn9Gm5rP5+za0u87yMf5W8/+RGYnHIWWZpCpbD8GLmMUeVtuUfTDFQNUk1jdZUwTvEk9IYDoqUV5+6s1Zx4WYE/NcV4u4mxkCpJvxJgDx+Ceh3r+y45ZjOxZ5QUolrUEIahO+D+aYLac6k3vwzVvA7CDKqR+2LQzIuM1iKBKM0RUmCDmGHwMNHSW/HCWfLIumQdmzuXs1cMNca64woDty+VIvOEN+pxnk2TiYsJc6trSKFJjCWUip7xSPOEQFj6aUDfBhztxrxtvsOnA82LZMBJkyJ8RRrneFIzXWuAyWkISegF2HxEmsfXvD5q1RrnRqPf3+3rtOSpRymEJTtGkiTzQRBc+ttylUW4OZrC84vOLpuvKpJn3HgCJ1IbcMuLYr7uO3KqDUMWdbC5dtafkFudWiwsjM7xTbffyRHvRQD82+e9nN/4o9/jn7/rT0EXU9uxroRCFq5OExePu4GzMkmYO36B1iAiyhLOrK2yb2ySL/vyl/GsZz2LsXabbqfDg8ce4oMf/BAPf+EB5hotphpNRr5iIQjJqjVnqVYrMCoEIbwsLqmKHp7ZRVrT38301PcjFZgEN2Ci5U4FcuvYLv2NyydqA2tjh+l0fwm8tuuXPRw44Q1l4Yp19ZnCk1iTMS9a/F0ywa22XgzvzcB0i/MvttrOCVX4MX33uKnzHd0hrz3c5dHZGSaaczzWuUicpAxSONSaZcJX9KIOVVUj0UOSy+YNXhkfdjMOhRBTu32dljz1KIWwZMew1nbsVU2Xr+wkUtzdlSrKGYpsT4qSBa2d9dSTzB8Z8S+/N0ZKy8aqKCoLFKSX9Q4t8EeQ9ddx03s1dvEib3r9N/OB1Qv84Yf+BubmQObOkrQG5y8tYnwoCCQT55cY641YyGI2Ntb5zu/8Ln7wB3+Q6647TJ7nfPCDH+S1z30ujUaDpaUlfu3Xfo2f/Mn/Qqe7weGxCWYuLHHhxkNbEy2qFRfPFNK5Jw3uuKMLBPXnML3v+9EG0ryLCAWJDrFWEKrYJdRuCv3l1QjKIkWdqblvIjGPEun3QuYyRFHSJfronksmQmDTFCqWPxhOcauuuhZs6+uusbYUPCEWmBrn9rjN753RvLGd4IucYTpACp847XG6c4H61H4wOd2oQ64qKOFfc3vWJU+VFfUlO04phCU7xvj4+C3D4ZBqNbzGK4yzBisV9/uoGFYrisxPJZ3VFC/yjLu+loPe61lbNdSfpDRtuppwavkASxtww6Ri9sb9BNUab/qqr+IP3/c3roON9Fz3GTV0VpHwigQbiRjF1Acxa3nKxsY6v/M7v8sb3/jNvOc976HVaiKEYH19nVOnTnHHHXewsrLCj/7oj/LCF76QV73q1ZzrbjDnTRJkhrRecR1mgspW0k+lmHIBIHPqk18BFSDpkIkKi6MKjcBp03ISMFnRtPwhublaMwSaEZ7fot76MqKVd7skG+mBsi4Rpxoim00C3yeu+BwUHi9aT0BHsNaF245gD+13orzRhfG2+0LSvWyOoAvuIk6egfUud0c19q72+JC4QH0UIY1EeIIsz7BCsBRnDJIOByt7UGr7z76spy/ZTUohLNkxxsbGfiZNM7TWwDbJMqboEDPWgo522ZKZ3ZpYEBaXa2PII70v4b9/9BaGvSffr5LQi+GxFfjpl8K/fl4TgL1HjkCj7swrqYouNQaCuhtma11SjEpcGcbS+io/+7M/yxvf+M10u12klCRJwvz8PK95zWuI45gkSTDGcOLECV7wghfwZ3/2Z7zsZS8lrlbxohFpo+KEKUqL2sKiAbYsMk0JUbUpCGGkK6ynFf7NHb/KGw7/PkrkvPPCK/ip+7+LtX6b6VZKLRCuD8BmuSEC44OqjQONIvvVunNZDWB+ltrYOEoK4lqD24Y5JGddl7laFftv/wXekUNOoJWC8wswMeZaxF2GBcyP/Azy2Pth716qWYqu+rTqY3RXhghVoRPm1IXPHe1ZPnbxAdZ6G2SXeQQu9wZcPqWypGSnKYWwZMfYv3+/t7KySprE1y6oV9LF0ZTn3IeedDflrOjs4ilIarz2pjXe9OUxG93L6s623GtXblIYjKrxpr8OSTSQ9bBW0V1dKGrxKi5blNwF2oxx7c0ArEUgWFi4yEtf/OW86U3fzh//8R/z7Gc/mxe/+MUMh0N6vZ4b+mstURRx0003EQQBR48e5UUv+jK+919/Lz//Cz9PnSO4YFgxXspjK9YHW412PLAhLPcr/Jen/yd++O4fd97aFJ516JM8bb/lPz/845xasVxIcva1hAtnsvV+qr5L4BnFkGhUs4aanydoNBmrBqwOelRCj+u1cqIcBnR++oeQRw4x/t9+HX7pd+Djb4W3vgs+/Gn44196/Ge12cBbW2q+QSDQuSuKFzpkOEr51OJj3D7R5LbJfZxMumSXjWG6+nOy2zxWUrITlEJYsmPs3bs3O3vunL/pydx+0MBmI2yKPqCbrcxwFoofgKqyL1zgyMQF4tF5mGhhPQ+hFNJroJOeE5U4QXQGhF6KGL+ZdmM/uTbQewhrqmwsnXRF7lK4PqMGsAryyMXtwhC0xJgcnaV8z/d8N/V6nUceeYQ77rgDcN1y8jzHWOGmtxdWYhAELC0tMTU1xXd+53fya7/4iyT1BoyNw/Iyl7J5vMB1pTHFMRuL9SyrCu6YP8sPP/PH3boSwGvC7C/wVTfdyoteMOIzCzX+3d9GfOoxzcSEoBkKZ1T67nAIKhDWYUxBrU7QaCItrHZ7GJtR87TLs9EuG9e2mk6TX/pC+Nlfgxd8Dfz6T8MLv2T7D1QXo7KMpa3akHfobnQQmYcVBuN5tIJxhplhkFh8r4ZS177lCMrpEyW7Q9lrtGTHSNPU/SJdJuLjv/2L4sZa9PBUymWBbtbXVcNL44r6pgpRlWU5SeX+41Q/8Ekqb/0AwS/8GtX3foLqez9G9fgCS/4UK5HH+khcahiD9BBCopQsenZWIRu6JJHcIrwAEgtxDtJDZ4aZ6RnuuusufD/gx37sx6jVarzzne/kzJkztNtt2q0GQghsMeOw3+/zjGc8g/n5eW655Rbuuu128mRYfPWUW+OlsqwoyC/+V9SAsvQ8ODJ10qWBekANOPTzMPYtYOrEWcq9h+C3X1/hxU/3SHzB+RRUVbjyRa+ICWbGFcurgHhjg97GBnEekcYRndPn+PzqBqDAWMQockbpvj3w578MnSF8+w+5HqnbcanBAIwFNVSlBqJGmqdkegRRyvrAMllrUpEZnjDkm19yePxHD6U1WLI7lBZhyY7yeGfYVU+mictu9IqG2Vq4+JnnF6OZXImEMBZyGGvO87sfWmX9eEI1qLB6LqF9vMmgk3D4+ZO8+pt9RkNnfV0ZkdpMvdQwPQ8iR+gM21/FViYRnsKuL7s+pVHELTffzPLyMo+dOsmLX/xims0mExMTLCws8NCxRwiHj/AlX/51+PVJ8izBWsv4+Dif+MQnmJ2Z4fY77uTjxz7rShPyxHV42WweIORlWbICAkm7CUfjWwAJdQN5CPXXgbkI1iejxol1mG8I3v2NFT67aPjn7055aNWwr4lr7aZ8CHz8aoBs+CRrQyeOgY9UIaEKCdNi2odRm8Mi4Yf/K1QCeN8fwm0vh+/+cXjnbzzuo7KFWxRtqAc+Fe2RGYsMQkyaIvOMUytnuXP/FLfuPcL5tIcOF+lsd2HYMkZYsnuUQliyYzyp28v12ioG82729cQVhW9OilcCvDnq2Vth9Ee0zPP49vCn8Z8J/+p50AEaOfzJAzCewdfGH2eEy7Px/KJyAA3WYKyGXg/GW4R7DzFdEXROaxIvJNMSBsEl61Q1PLTWRJHrlTk15crdjh07xokTJ2nHjwIGKZ3jVwiBtZbBYMBYewyvKHxHBYhaFWul6/qSRm5ck93siQp4MNmGxxZm+cGjP8l/eeZP4DV/CUQAZAzzOawIaFUssXZzfp81J/mfLw14yV+mxAEuSzTLYawJYcC09DGz8/gWWlXJye4Ir1FlWqSQ5MUMReOk6F9/Mzx4HG69AY69B3r9bT8uYXFCmGs6oxFho059YpxksM4gVSSJK0P59NkL7J1sUa812dMe58S2Gyu2V1KyC5RCWLLDFJMI7Ta9Rilm83kSkW1WjWvXS1N6YDQ205ArlL8K/iOgj/LNM/+Gv70wy9gaNIRL9myswtfe2gc0Skl8oakl4FkDgYc1xfil0IcsZ6Ia4qWr1NpNbhqfQ5uch0Yj0u4Aag1OnjzFddcd5rnzz+Ohhx7i2LFjAMzMzPAd//zbadQG9HuSJI6KqgiNtZaXvOQlYC3HT5xwVpYSUGkhNlvHaQ1VCa0WpEOs1RA69+bceMbPPvZD3H39N/Dayf2kukdm5ohMSM3bMuA2z+Bdk4JDs85FWqkrN2Q4y2mPBUz4PpP1SXwv4/7eOqOog+2e5aGu72o0i54CPjC6+TArN+/DX1iAm/e5LwMXL259TFKSVwKmo5hqUd95ZgCy1aBR65FGCiEDpOeygVaHERvRBq1KA7/f3f6ysJv9FEr3aMnOUwphyQ5jwQq2v98JdydWRaxwc5xSqp3L9NIUCY3NBGTjsH6OX//Sr+cbP/5ufuQtCgZAFf75S+D7n3GMjZ6lUfX4uj+pcHYV/uuK5JapW3jxjT6Te6tQk2BTkmjAaDjCt4Jcw1xjko39AWfNWUjWOXPmcxw/cYILS4u8851/y+te91quv/56PM9jFMUMLpzD1vcjfAlWU6vVOHr0KPv37yeJY75w/1HkXTdjRiPnimxNwKBTtD4L3PEJoNXC1nxXAlE1kIIJ9gNgaOEpl/siipja5d8jzg7hdAqtJmSRgVAhpEfoB5yJ+qzkBi+wrA2G2MRCYlFR7NyiRVmDBOL1dXoXLhAEgbOYr0ZK8sxnIsvdOwwM4oShEeSjARv9ESr1qdbryEoFYaBRr9NNVtG97YRws/6jFMGS3aEUwpIdw7kLwRY+MLFdwowfuCfS3MXnjHW9P3NzqdOalX0i7xXgP50N/Sjjvd/mj575dL68/e84tn6Euycf4DW330lPV8mtJkoNf/m5Gl95L/z15yTvOF7lxTdBrTEB3QF0NuhWMvw8BeFxcqPDF06doz4+h9y7D7HRJ7eW3/vd3+M//sR/5s477+Cmm27CWstoNCLLc5TYtHQtzUYDKSVHjx5lbGyM977n71gedKnXagwR0AiAfKuDjraXahaRyn0ZqACpJGym/MYZyZfPerSD7U6q+3F6aPm2z+WkniCsgawFeNU6ufBZGIxQQjLfHqfbWyPPs8IF7SPTHuRbEzEEYKwlTuJrRuyskuReUb+orWs6oEeMFlbxbJVKtUmW5xgsNo2JRzG+P8H0+HWss85o+6vjkju5pGSnKYWwZEcRorAGt7vfmULpxsac+HVXuTQlPggAU3SBiTHVI1B/FZ3WBr3kDezp/RjfdtM3QmMv9C+SLLyeteYvEPhVmt45/udrV/lPH6jwvL0J3/v0PjYKGaycg9SC0NDdIE5HxDJw2aNBjeHCRWi08Fst9szM8Su/8eu8/NWv5iu/8tX0+31OnTrF5OQkU9MzhLbJwEqslDz66KM0m02+6Zu+idOnT/Pmf/sDTNUbRNZAswn9AXTXXPMAT7mi9yCEmoKNxKX11IAEZiqS93Qs934i5+aGIDNXppRI3Cn6TMdyNoIDE5LUg3ozZKrZZqk3wKxv4DfGiNMRmc7wpCWv5Ng425qfmOWYmQlyoDk5yf7JSZ6oYY8G/CBw8xRtYcFnI0ZDSb0yg6kOgBw/kAwHA+J+SrNdQ5vtrL7SEizZXUohLNlhChfYtunywo00CgTUAzDNrZpCDSCdQGbQH66AvYCXXYBgnHPB/2B6vU2z85sQPoPQfz/zgx9gpf5jnE+v57tf6PHaZ8N0XTFaPIWImiyeO+ZEoBmiVzpU9x7C6gHxxYuIqZarretsYPwqYbNBrRPypje9iQ984APceustdDodpqamiKKIhz7zGQ7f+UIazQqf+tSneMMb3kCaprz2ta+l2+1yZO9+Bn4Ao8gJrc1gNIJa0w31zWLQbuahTnuIBjAUWCHYG8JjCRxdNVxLNJqB4MB4Mae4AUlviE0j9rUmGPgpolKhN+gSZUOEtYg4x1rNcihdokxqCH/hj9CH96EQzAXBVkefK/ZpsVIhohgePe+6AGlDN3NWpmcDdJ6TpTFGKUK/QlCrEeuEvu6jgu1vOfay/5aU7DSlEJbsGMaYrZhWMVnica6wYmI6eeayKkcDFz+TlWI2YQhhyPuOnwJjqYdVhkkH37OsNX4Ar3+BavZe8G+gxnvYM7zAknkD3f5rmZ3wAI/VdB+NfRN85MTbYdiFiTbEILVF1qrEjQlXwC81wgvQvk+kJAfHJniss8Y999zDf//vP8c3f/M3X1r26soST5+aBCTf8A3fwPve9z7e/OY3c/ToUY7M7SWRwrVXS5JirmHomm7nucuKNcVcQeGRbDwIlVdDzcPkGoRgwocns5xyi7OexyF/6DFmkcR+wMhIBr0u9XYd6Vcht2TpAGI4Pd3kzILi4Jqh9XvvwEYJm9MNnwgByL0z4DVYlTEP1A1+WiFs1LA6wfcFeaZJ+ymNWoP17gZpkhJ6/jW2ZzGlZViyS5RCWLJjOLdocbMT23SWsRYvVOiG54bDD1KENW5ifKBc/ExbmJ3m40fv5+f+9l38m9d+NRODIToakikP6r8Ig38P3nugsQffPMa+wXdBfR74SgAOHfwYn/rgRX7xrz8K9QCRRVDziPuriBGo1jxmlLmMUm1gMGD9lhuofvYBjoxPcWFtlTe+8Y382e/9AS972Uu56+nPYHLudj76ng/x6GPH+dAHP8if/tmfk1nNzRMz5FnG2tNuwgSeKxFQyrWLC0JXPmFyaDrLSozPEt3/HnqffCHtr/gS9EBhYrZySa52K5ut52QAqg3dj95P/52/zL7DtzHVqPPo0glYXyeNq4xPzxAJifUVk1OzDKZrfGv3Au9bMVCZQLQEytucWVg0N9hEbj5u3OfQs1DJ+J67Q6Jmk9pSnzxLMDrDCLDWYIxFIWiPtdB5QrLZVOHxV0dpEJbsGqUQluwwRXF7MZf28mQZi+sLqjwPjSmmvBvX8DnwXTwPgaiEWNnm+//4L3lwcZnXPP0uZqtVhLhIrqax+b9hbOgRiA+DnEOkKZgT0F5kubfER977X/nxP19gaK9HTDcg6ULNQ5scOhki7LqSgiiHJEfEMencJOfvuomxE+dpjbepZRlv/8iHePsH3k/YbNBqTTAadBn2eyAl0/v2UGk1Wa9W6O2bJZ4YQ/RH2GoAcYzItbMEgwrSU1iTOeu4PQtZzvof/zjpxddQue0eZG0MlIfQZmsgLwJjNEJKZBCAtejROskjn6L/N7+LjUd82jvPi6amuX5uDwsVn5uaE2wklsCzzE5NM9Vo0h1FvP9AnefWLP/iVMZdI00zyzFCoHxFIBSmiEtGWQYI6p6PCASfrsFvXu/xtrGI1sWUNDMgJdYKhJF4SpAnfQappDI+TtCqksprRB6FS9UpyydKdoNSCEt2jM2s0a0Htn8N2iAwUAvcdAajAc/VE5ocpEC0alg/5jf/9v385oc+4aat683MyyaIJqRHXPapmYXeX4H9KxgMYNiEsSOIti2mTChILEJaZ6VlcTGbUIEKIVCITo+sVmPlziNu5mEaUXn2LcRWkqBZ6QwgrLj/ozyfFU+5usFqBfIcsbwBCMJwDCEU8doywoKtWuzUNKQpDIcIk0BzEjvsMPirX2XwV78BjaZLqsktrlxBu39Cwfy06xbQHUEaw/oyTM4iZvdjdcZDyyvMTzQ5F8KGyIiVIraGqcYYZzcWWT13AaKUTzWrfOpL5hgnYeMzD4L1YXaaOw7vQ9gMrQTLvR5RkjNVr3Hb7BSdpuDMxgZTJ9fQOqca+mggTjKEVYSBIjcGIWDU61Jv1VBecI2ro4gSllmjJbtAKYQlO4YQAimlm+hwjTpCz+b4OgOp0UFAjkCkppipJy+l62MsIgyw8/Mw7HNgdp52JeTs+hrPPHg9H374QbLxfewZm2VpeYmw3We0tuL8sRM+wuSQF0k7yudSbYZrRuoeE9JllCofRIiINTYEaTT33H4nB2dnOD8aci4eoocRZ+KYW2fnqHg+q90uF7oD8jiGeAC1KjbNEIMBe2+8juXJBv2LG8zu308/GTDKDdILQVqs76zFw3fdzZ2zs8gs5+iZE3SGfRIj8LOMmfEJ7rj+Fgae5j33fZQ2FcT0PO3DN3Hqwlls1INKncXuOs12hbbf4HRng0BKslGC7vXJVUZtegqTxox6Xdr9EZmXcc89X8ZKr8fFJCdvNImSPhtxTGtigj21Ki3pc7434mYbYgYxDwMWSZakqIpPWKuRDkZkuUX4dbAxSTrCGxkCs31748c3Vygp2TlKISzZMR588EFfKTdNYrt7nrUQehoRZGR9gxdW8BsQxwJrCosN4WreBKAtIvCwWjI+Vuebn3sP3ShBxzk3T80wPTPLqc4GyeFpbpme4d2f+Rwfu+9TCN93GZp5UctXr7g+ZXnm4mKi6HMqhHPN2hxE6HqD6oTpqSmO7DvIX/zd3/Cy59/DM+f2sDoYsnfPHj597CFecPfz8bodfvzP/gy7Zz+iL2EUIYQgjiPOLS+gfB/ZbFDx6gzW1yHR2HodWROIQRc76HLTXc/mNU9/NqeXLnLbkZuoBgH3nTzJdRNTSCEIhCL3JdfP7mEmqJCkGfevrnHy6BewVQ8qTaqNJkb5NCshnZ6PQpPJjP6gh/I0E3Nj9LspKgy5Y3qM4xuLPOemO7huepJekoKnuP/scfa3pjBZigosNa/G//rQB/jsoI/2BI3xWbpmCRNrsIJKUGGkXbWg71mU9FF+nVznqCxlu+oZgcCWXtGSXaIUwpIdYzgcPjQYDG+dmZm69ouEQAqLQhPYFPyAWGgu3TplMbnBGjerUCiotjjTj7h/YZncWI4vL/KsuXniNKWiBI+tLNIIAmQlcKUCvnLJNynud+XGEDmBVVCpuHrFPMVNiihGQQkXA1tfXubcxipf8fx7Ob22zCBNkdIjPX+eKI741GfvY3KsRSWUJMsLMDEJfggry4ixBmmUwKnzyLEWZ6SBXh/VGkPWfYxIEUGI9ausdjZ4yxfu4/jCOW6ZmaNZbTGKUqIs46Fzp6n4IY8Mh9wyMUZSb7Lc7/LRk8exgUJUGlhjqQYeeZ4xHEUgLNVGhcw35CLDkwGjKCM+dYagNclMc5KzOubPPv8RnjG3j+vqbSbHm4wFHue7awz6faJkxE3TexhmfS4srFKttbh57yyTM2McHVwk0AJMhl/1IbNYnbgZkNYDm2Fsdu3PvjQIS3aJUghLdox+v//Dvh+89ZoJEUKQZSnS5FQCQZ7nJJl2XdWM5yY3WAsq2IqRSYEIQjpxyu9+/CPOegsC7jt3kla1xky7xSNnT3HfyiLZKEY0Wq4KXVlohU7wuqtOXH3ltilEsQ83YgipipFQFiEUmTa8+6EvMDc5xeLKEgjflXFEfSan51h7+CHQKUGjicgMrBmoBtigyvhki9G5BZIgwMYjyDNEUMfkKWFQJemlmNwixia47/w57jt7HIzmwTNn8BptdJQgjn0ek2auc4wnOHX8YZTy0XkCSYSYmAAUDPrYqMvs1DhLo4RRrUFuU0wvRhmFqEtSbWnMzPPMvfM8sL7ChaUN9GDIuQeOgoTXPO8FtOtN3vLIUeKLi/jK5+O+q2YRuSVaX+GMTDgwu4fD07Msr3VJc0M1rJGRkKQJViiCUIDvsVkJ+biE4SKJqkyWKdkNSiEs2THW19fDG2644bJHrmqpZQE0nsoRSpHkApNnCA3WeAhRjCky+Vaxt7bOklMBVHxnMRqB1oKNQY+NzjqEAVkcuZFOge8sO524pJfAwFjNPWeATLvepoLCRWpx1mCR5opFNOtYYHF91Vl6OQyHQ6j4rPU6EFZBC9IkRQgfhn2IFTTaeGNjhGlGEmkY9hCdPggPa3LiFYvwA2SaYQIBYYCwCqzCeil5lriG4YMEwpBcSremmVn02oYr9QhC144uTyFNGPaHnFheJk40xg+oBIqe1ihPYXJDtrFOc2yCxBecubiKybQ7F7UGqhnytuOPMTU1yZ1z+3hgGDFaWCDzQ5qmikQyPjFF6vksDTQHai3OL/ZJtWG65RGLmCwXVFtVhAItFdJsb/YJN6Byty/RkqcopRCW7Bie5/nGXNv/ZQHPF0hhSHSKsZ7LX7ESY7JCnDwnhKJo1GyF63WpvGJ8k8K5M0UxxDcFkxY1ccIN9xU5RImLCWbaJeEoBdK4YbxZvrWoWuiaf+cUY5DcuCQhlBNBgesNmitX+K8zkL5bhyhGIYmiY053g/UTkvr+SYJqRlapIeotTKeLwGAGETIwhO1xcmkQ1mB1iPYgqPhk/QE29BAzk9g4ds3LMW4ifbMOWeqsWuNcuKLVJpOCtYXzVGsNQq/B8kYPqQR6sI7ONXghtWadhWRImqXg+TTmG6TRkHQwgDxiMR5ROXCE/XPzPDIaIIeWKNJYckbLQxqHDhHWFQvRkGorRCUWIwRYDZ4gj3KUrxDhEzVtK5NlSnaPckJ9yS5ir3CFbfYg1TonikZk0QCtU/RmD1IlAePKJIwGpV1jbg/3uOsYvTXjCZyF6BXCpItYo+e5+GLFuetQvrMGR8V2/UJIfen+D7HWCYwXOPGT1lmKSrrtYwoLtUjiEUXMUUgXi8SCVYgsQy9coHd+mbzXxy4uIYXE2zuFNRohBCbLSdIRJs9RUiB9gTERlTAkGJ/AYqBShWYblMGSYzfWQWbQCN0aPA8bJwhtqVR8yAyz7RatRgV3QAIyg9DOsh5EfbI4ZaLVptUaQ/kBOskQuUH6PmjBxeVlBomgXmuhWj6qWYVEM+r16a6vI6x0bUeNJfAUWRSj8xSsQecZOs/w/Sqe728bCrRsWtwlJTtPKYQlO4p1o8jd79ukzJvMkiUSm1o8neMLi6c0CIsVxuWtWOusQm0KK9ACeRF8Es4qM5kTTOHaqiE8V9eXRK7HpzBOHGUhdloDEgIJVaAqnIhtTgiSAIlzqeaFoJqES21dTLFv3ysaAVi3zTR11qYCmyf4Ey1qM3MQVFC1AL28is01QngQp87gHUXoOCbqDUnSCCEsg3xELjLwAjfKKfBdzaTBtWtLRq5pd6vq6hYRVJptFAFYxflujwvnF3F5R6KYh1hBKElnbZWLKxsEXoBOR3TXeuigivA9bJ47N++gh5aGdnucPE1JR0Pk2ASy0SbZ6LK4uEKgPKwXYLTGrwRIvwbCx0hJLiCLU0xmtr0uRKGCxmz/fEnJPyalEJbsKFfHgsRVv8cjTZbkBFLjK4mHJRQjQjWkIgxSCgisa1qtdVH4XvQZyzNcdkvxTxblD3nuhKNaLUbUp+79xjgLUBtQxomfcG3chK+cmOXGPWYFkIO0iCBAEBRxyRACz7kBpS3qHIsD2vwZxYh2G3n4MPbwQdL+CC/SeJNTWCkx1kPOTbkJG9HIdZ6JEkSWuX9h4JaQZ3hKoio+jIbuXOa49fmhE3dPYHOJV61CzWc4GCFbNXJtML0+QZZiR0mxvhwsiEoDUa2xEQ/ITIyqKIJqA2s9LArh+wgpWXz0OOsbG7SnxrHWojxB2KiATomW1tBaUq1V6Q42SEyOrxpUwwZSKPcx6NR5ra91cZSDeUt2iTJGWLJjbN3ktuYRXo61As/TeLUYm2VkOehMYYRBeQYtLEa7/qPOstRYKaGq3BzDzQxPGRZdo72iKN66+J/yQbZg+TyiFxfDaAtXo8ixSYqwgRO1LC/KKbxLdYXWemDb2NyDWAO+i/0ZC4mb4ICVrlQgjd17x8Yh6CE8C806+cJF6HShNoEILaJoxG2ouC40gwTVaGKNxvQ6sNbHrocYVRxj6EOUQa+HFaIQag984f5vlnWYmCDvd8lX1pDjDawCLwgxSUCWJkjPx2TCZc4Ki9BgekPMvllEu8WhyhgjYMGmkGbOy5xI5361PmG7BklMksYogYuzihwrQ/aMNeguLjLcGFCrtgh8jzQB0hyDV8Rwt6MczFuye5RCWLJjODeofcLnq3UfL/AwgSQMc1KtiJKA3HhYT2LTBLIMhMS2PUSaUzt2FpVZrFBbyTKXXJqqsAw344OSaLxO3m4gelHRQDpH+nX0cIjNM4RUWK1dLLHIHLUJYOs8/U7DM+aGVDONMUU9oygsx3xzcrBFakGG5dFc8v5PNTDnR4jkImJtw7WDi/uwEgMG4gz81Am77yEqPvr8Iq3ZeV5yx5exp9nCBIHLIjUZ1vjYJLpUhyCMQCrBqsn5wANHWXzwc9ixaVStilKSdDR0nXm8EJOmSGlBFS7cLMN4FajX0A+foZ5pmhOTCAzh8hIiTggqNXSUkGcJqhozPJVSi/ukStF4+hEi4ZH0hnTWlrA6o94YR4oeGRbP81wj9STDZDnXTpYqRbBk9yiFsGSHeeIbnjAaMu2MOA+U0Ig4AaNQSuAJRZZn0A4Jl7rMfvwUfnfEpS7ewJVia7f2a53b0tSrrN61n/6RGUSUY+MIoSvM793H6sXTZMMcUfVdgoy12Ngl2Pzm13X5tmcPXZao3ayGK0ZCiKsOTRSP2REfeLbgNT+v6JzOEeMheBWXiWqsyzRVXjHg1iAadfLTj/EVd7+A3/veH2W2Vft7nd04z/juX/k5fuev/xI9N4/WGSKwCOUjahZrImf5VpvYPMdWfLCGmc8eJ3zsHINel6Vmg3q1RmNtDS8IqNfrRHFCHg8J5q5DjwZkG8tMjY1TD6qc2D8JviBeXSW+uIg31kA1K2B9sjxDXzpF147/lfmiJbtJKYQlO8xlMbSrRVEK0jhGpRnSSHRiyE2MJMfqHJMofCnQ7Qq+0cx99AR+NyJpVS7TQXvVtq/6W4AXZ8x++DHyRkB0aBK5kZOPukhbY3xqljW7jtEam1pEpQqmzk+/bIlv+/JVOB9AKr54A0ZYvvQFmr9Marzop8ew0nNNxfPMxRTrYSGCgDHYjVUOHr6ed/3oT11avQV0mjIcDrHWXjOOJhC0m01++1/+IJ8/e5bPP3Afat9BvFpIWJHEiSa3FqECrM1c8lCrQfVdn6TxyAWSiSZGNFGNJlQq6CRG+B5ZJURLgVYGXfExIkRnFWSzSn7fCeT5ZXj2ja6YX0He75DLMfxGldxEKC/Eb06QmRyuUSKxXZF9SclOUQphyc5zSaPsVQ9btK0gRcXNINQGP5zAyC5EA4SqYlSAqYdUH7pAbZCx4BlG58/RrProJ7mTSiGI4hRRa7Lfr9M6tUZ03QRWCUQAF5ZWqYYNRNNHRgJQaL9JdRL+xR0X4eIQRsHfz4tngeOGL7tpgxtuCDk+uoHWgZD+sAtx5Ny8UrqEHV9Bt8+3fMVr3Vvf/Y2w8AjmFb+FnbwNPwiedHfDOKLeaPAvX/1a3nT/fTSaVTIrSUcRXiBIrXYxzCzDNpuobkz17DJZu+HirZufz+UW7jWO1wBmrEZtpYOJJanvuZhjJKAXYaoNhPIwaeosUuEV2bnbn6hSCEt2i1IIS3aPq2+w1iJEgDGuON2rtMFvIuOYmtLEJiLTGZ4NCIaGlVGPG2+9jtf8h/+Lrmhjs/gJd6eFYq4d8pG3/j7vf88HaY4aBElGaixCSpCCKBoCKSrwkZ5CZx57Wz0a+hGIePLR7duRAD7cODXJ8ZOKPTPjPLIQF7V+EgYRTExiwwCWl7n5wI3u9Dzwh3ACxN0PIqbvoFb74t2kN83MQr1BvxvhVRoE1SqHxxs8mgmSTs81BJA+stNFaO2ajD/hZ+VEMls+BSpw5wtcElGWupKU8Rp0M7BFx6BBH1mvg1JIodCIaybLXEq0LYvqS3aBUghLdgwhhLvh2avdl5degNVgjUQSIKRH1FvFRBnCVgmUJQgDRL2OLyVL8YCXf9XrOPT67+GTn/0MNf+Jb+ZC55hDt/KKyTE++973kWiD0QZZ8RARGK3xKnW0DNAmLcomNEHNY5i1CKwmz59EMK44rs3+mQZfaSqTs7DW4LG1VfxUk8WJq8Wv1aFec5aaqmL7y8Ct8I1/B/FZ1L7XkWc5ozT5os5zvVojT1PX21NrKn5IjmRv2KY2H/DJjZ4r85CA0VjzRRSz6wR0TuPb/gfxA+8n/sgfwdg4Ukr6wwH52hqMN4rD1gir0P0eXlhBVVrkvS4irLjA7+OwbihvmTBTskuUQliyY1hrr7rVbdd62WLxsTLAaIXVbj6gqtVRIsB62mWPulHtkMOzLn4lB+N3ItMntpiEyAgvTHMy+l507TCGDKsz0BZrBKDR2QgrXd2g8D1IV4myA4wOfRYrFcM831r6k9y3N+NenhC0azUS/cuw8nGsN4eOR65mMLd4t96JHfbQF5ag2UIKd17+TL6YExL+lYEKCZuN3zatps1Y4eVxw83M3FznbvuqggghjTf44IWEqbEG4ViTpDtwDQekeXyoVkqyLKPf7zM5OXnpWOIo4rnPej4ro/Pc976MWpYRDYc87Y676Oyd48TaCjTHXK/WTCM8hRlGWOGh0wxRDRBKPuEJK+sIS3aDUghLdpgnnjBgDOjMoFOLsikYjQiqUKm5hBkj0FmC0hkCRaDW+Ugj5kPM0xQVkBITBFuWpxDIPEfkOZkVzDVSrusvEOYesUkQVmBNhtXSWaxF+YWwknyUOBetV6UxeT0VD7xNHbRbLeGeIC8Ha53X0ZPgVVqwuoiRrgONMGCtxpw/5xqK6yF0Nmh5bkPf8O6Y7ALc8HrBPzukqG0z3f1qERTCNSyoVGsu9pglxIMOlboiSoZc6EnqQYU8iNFGI9TjP4s8zxkfH+OGG27g4sWLVKtVBnFKa3yCWz/7SywMlgme9zzOnj3P+NQUX/GyL+c3H7wP4gTaEhoN6PfBWEyvhww8VKOKThPnRt3mmrji/JWU7DClEJbsIo+/CQvhXZowkcfWTaL3LTZN8ZREINCpcfVz5CxryRs+fS8v+NgESaOGTBL8KMK22lilUL0OmZDoRpMwzcnmqnx4doo0GCKtRVqNFtaNOMR3/USFdL04i+kYOkuQNgPrIU1WrFO4BNiiJEMIsSVEl7WOk0IgrXSF9lUPJiedi1AArTFUGmEuXsBUq9CsQbfLsBDbH7qlwgNz8KzJHGMMaZp/UWe1EgRkuXHbs5akuwG6TrveRHiWXpIzNz3FSjIkjeJLQqqUIo5jut0Nnv2cZ3P3c5/LT/7kf2E0GjEaDvnKV7yUc72UzEpe/cpX8IlP3Ue9WuXs2TOsDUeuDKQ7gFrdNQeIY9fSLRphbY6o1lxrt5KSf2KUQliyo1jsZcmi9orkCCFccbhNJTY1rq8mCmkNOh2R5SCVjwmbgEeGYUz7XP/ib2HhyFkqSmF9n+Z730Pr/X8HxhDfdgcbr309NgiwecZ1EzOc+fx9DKMO/libigehVRgDEQpD0YxaG9fyrOJhrWbQ71P1fOI8+3sfs5KSVlhFazfeyeYGMdbEtps0qvOkjTbR6hqMUhhERLmrt/tPd22Q2BGh3EsSu/KJrXN1uSv0SipI4igCrSD0EFaT9CPA48DEOKg+G2mGqrXwlGJ90CXH0h30ueWWW7n33nvJ84yFhYvccMMRPv/5z/DGN34LHppj5y9gkiG/fd/H+erX/TPqlSp/9Rd/TuO6vXR15BJ/PA9CDxKXemr7qevS4xnXu/QaV0ZZVF+yW5RCWLJrbJcgaHKDKXpmIwRSSYw2gMRYyHOB1QJRZDEK3yPdO0E3HyKswdTq9F7/1XSbHqrbpf/SV6D3H0D1uiAE3blJ8uMVVG5cj+1AI3IwvkIrQ5wV0ySkxuYp+AFBtU6jUScMQoL8i7PKLsdTbtiv6vehP8C7cR4tJWJtlX6yjJxoI9IEO4whS2nYCgA/fPabeXD0UX5i79u5s/k8lNf+InfoUatXnZ85qCGw2DAhyUes9Qa0mxW6ww10pjl0+Cae9eo6C6tr5FhuuvFGqtWAxYV1Hjh6P7fcchN33HE7Skk+/IEPMHboVhSCer3G5z//eQLPQwqJiWJoVl18ME2LcygK96yL51orirZ2j7sSKEWwZDcphbBkxxCiyAwUl/19VbxQeH4xGcHDWoM1ljzVIARC+aAEUgYuo5PCIopGyJGzltRwCGFI/6v/GVZKvOEA7+IFNwECEMMhtphub60GKVGhh0EQasiFwViFydxabTwkT2PkZWn/l6/5iQrcL1lr4rKgYZ5hwyoMhrDWwyiF6cnCCs2de7HYlxaSTF17v0+0FqGKMVMeIEOkJ7GZYr0/JAKCsMoozekPI7TOOXz4EGGtykMPPcTq6irTU1P0ej3WVle47vrr+eQnPkm9XsMYg84yQNDv9ZzIK4lNUjcGyvOgN4Cg7T4jk0GWwMBCrerE8fFXxuPPWUnJDlIKYcmuYa193I3PCoH1PIRSbhafVkgkuQQhQ6zOsNoZOxao12sElcqWqEoJWhN0O5s7Ad+/tH3P82g26sWtV2K0ItYp1khy7YPNETJwBeCAzVNMHNHv9qgEPlGaPuExbcYKL/9dKUUtrKBzN+1BL64gvBBaDUQUu8bdE21AwLDPyI4A+I8Hfp+UiDFmSeKEwXCw7X6uplWtuUnz9QqYCJPmyMADo8DkRPEQP6yA7zMcrPPQgw/h1Wrk1pDnmsnJCYSUeEHAmbNnOXf+PEEQYDdFMMvI05SgWsNaS5qmWBu6ZBlZjIZKMghDF+/1pGti3h+Vhl/JP0lKISzZMbabNXe1RSM9DxlW0IXeKGmwvkF4Ao1CW0tuAGPxgEcfPQHA3r3zZNkTx++klNRakxw79ii9uMekmiDTm/24BVobrAErcgQ+0geTS6QNqNVreMpDeH///2U8pVBSuc4wgRN5stQJVRpDFGHDSZidgtUlwtDtY/BnIcnpCuG3pASTipr94grqle8z3mqiVIiOOni+h80MInSxUGtyjM4QtdDNbhSCwPdRAvJsQJK4esUkjlFKUalUSZIYnSSoQgjTNHUCqDz3UwqXZOR7bizVRhcmp4vRUolLnTVpMcvxWlgoyydKdoFSCEt2jEuid5XHcAuLFAKhQvxAkZmUXKdI3wNlMXmOJxUai5aGfa1J/vptf8vCq76GmZnpSzfwa6E8hc41H/v4pxlrtBBKoo1FIdCZQeYCrKtRFNKgcyCoMpQKzw/wlEQqeU135Obvl/8EJ8AAgzgGpOvxqTMnFkpgkxQvrCKaFTKTEQsn6Cffc5HO5yOe+WX7mJ5uUamoK/Z7xTm97DEpJauDGJGDV6vRqNSIY4gzNw+QWGI9N0PRWEua5/hpihaQZRl5lqGkIk1TNz3CS8myDJ1lmNwJYZal5HkOxpKlKdr3nNWXxG4fSsGw7zJXpXRxw0rwhCUS9ouo6y8p+cegFMKSHeXyjpKWx8eEtLbYLMHGfazwEIAf+qTkYFI3VlDnJPWAcc/D9z3+5l3vw+j8ya0JV1zI1Mw0E7JCr1XBBsplNWqJkhKRg9XGzeqTEqoBSwtnOL5wgZv37Wc0Gv29ir6ttTQaDdCGz594DAJXIoE0bhyT77vm2zYDHYKQvPdzX+Ab734JN37XDKOlhLE7a2R5RpqkT7o/gaBWr/GBR4+Rb6zR3jOLsQLPUyhyjMmQ1QAhQMWGrDVOLAWVfp+0ViXNctIsQxRF9VhL7nnkWY7OMmyWY3InllmeI7OYEYKsXof1dUBAs+4GBseRa0tXrUHac5m4T7T20hos2SVKISzZPa6aSC4QZNoijKVRqZNZiTE5WZ4ghMBTPp6SEMXE+yYZHpim+tgFDk5PYdUT97C8hLaoQUYy7pHeMoFIcqwRmCIrVQqJlAYrJM60sdjuOv/2f/06b/vB/+REzVg3h/BalfSXDk5eSg754T/4DVYeewTm97vhuuTFUF+FqNXJB+sQj+DQ9fzh297Km1/5Om5/xiEmqF/aon91n87NZMtNl3Phtr24tsovv/NPCetNKjIg1QnSF9RrFbJMoTOLyTL8MCAdH2f9hkO0PnMU4oRcZ+ggwAiJjhOEr8mlIk8SdBxDmmLSzLWH6w8RUrJ+aC9magKR6ULklbMIPeWySEMBlQqk2dZar3VJlMkyJbtAKYQlO8pm1qjg8RZAYjTXVVtMzx1kEA051+nRqlQ50JxkKUpYHQ7Ioj4mS/FbTTrPvZnU96isdFHGuOSby7Z7ZcdP94gNBPFMnfjps2R1RbYRo0WIER7aGJckEjbReY7VoLwadm4fb//we3hD4PNvX/0Gbj9wmNDzuNRE7dJsQi5ZpQJBZgzHz5/n19/7Ln7uD34TpmeKbjTGCYVSgIE8Q1gFngC/Sra0zD3f+x38t3/5fbzsrucy3WqhlHLHcHk7GwHWGKTngbUsr6/xodMn+N7f/lXW1papH7qOKE7xAkkOpJkAI7BZijGC2DeQRsQ3HWGh2aT64MPka+tkeY7SOZl159SzhsxacsAajc1zciy9ULE8O0k6PYGMLbY55lyjK6uuqF4pN6w4ipwoBj7X8o3acvpEyS5SCmHJjrJ5u9vupucJQaQNFzt94qiLSWJMZYKhVfRHI8Z9j5Q6HRWg8gBZV6T33El3YYNsNIQ8LnqaBYgwxOZDEJZqtYIkR2cR1UYVOxY6y7CfkAmJkRKtrWuAbTTUQqRfI++uY410N/CZOf70XX/Nn37kI0zv24fQCYGQYD38sEoSRQhrCUIfaV0D78wazi8twOoqTE4hqiHkbio8mXDb9YrEGW3dcz7QHKd7/FG+/Ye/F//AEfbUmijPQwuJApCgPYUnFcNowPjENM3ZOR49+Sid8+fdNifmGA1SsAmNoAYiQGcaKSVSKYwCnWqkL9DW0j1ymO7BPXDhDBuD2Lk2bzgIOkcqDxMU46eqFVhZgXwaWg3IcmRuXclElrpEGQREMdRqoEdOCKs1aDevOX2ibLhdspuUQliyo1zhPLyqfMITgtV0gB1u0M4NgRV0V1doT81xsN5gY7SB9ipUrYf1QnwEpAnNvbNYbWjXmoy3a5xbXubc6ePcdOsdVKsBnz/3KLUg4PDYXlY7K+SDEca1MUUqhbAgpKtftEaT99YhqCICH5vlkFiE8mD+ILY/YmV9g5l6hfOdZWRQx6wfh/Fp5/r7f9n77zBb07ysF/886U0rVdw5du6e0D09w+RhSENyAAkDDgoo4BH0iChwlJ8ejoqIPwXFY7gURBQYxAEGRhgQkGFmmJx6OufeOdSuXCu86Qnnj2fV3rt7eregv1/tc12uu6/qqr1qrfWu8NZzr+/3+d73feVyJDghIilnBew7PPX0nE6DaD1tmXpwcUAHYmht2Nrh5IHDvOlNb+F3H/w0qxfPcObyJbAhkki3GyczmxrKMb077uLKmdP4Jx6Bw0dZvP12rA8MJyW+HEEiqCdDZKEIFrwKoKJGU6qENBG0oaRd30JnKV/y5V/NzuYGV9a2WN3ZoplU1NtbzC/OMbe8j62mYiwcdlLhmxaBhLohjIfx3V0cwMBHnWTdgDaxw2zb+DxvMHUbppX1bJ9whpuBGRHOsKe4vhJ8YXs0CEEhPB5HU1tMYsBV7IxGZIOMCTApS/CSbpJAcDghsI3lS+58Ba87fgubkx0+h+Ftx26h1+2jteINh46DjHK2X/3ob9K2E6Tv4EOsBEOANElxQtGGFiFaqEtIsynpeGgdiJjscGIwz/d/+VdzcXuDldGQK+urvPzEHYwnJQTP5e0N5rOc9z3wGS6vXkEEH0nAE9uoEjCxTUnriBcAjYXtMXe/6hhf//o30S96uLpk21nSIMmEZL0uSbIUIwLbdUl3YZn9nQ5bV1ao8w5ycYG+93zyzCkeOPs47WibplQIcoQ2OOeQ0iCDJMhACIoszWizCtNWHC26eJ1x/9JhNoablHXNwOQ8/uyT3HvLbXSC5tHBEod6Bb/8W++LYbw7O7HKTRJoAhRdKBuo67g3mOSxKmzq6d7qjTEjwhluBuT//F3MMMMfH+KG/5he4FtcM2ZcjZhMRmgl2Sm3ObW6SlmGuJemxDTU3SG8Y+XSCkjNuZ11PvbE4ygPr7zzHsau4sLWCkcXlvC+5fzmZTpZjhIJUqcEqRBotFS0jcVai9hdp6WIxBREbAfq3f1AB0ryWw99hvXxhFwm7F/cz5m1FcqmZt/CIrZtODy/yMG5+Sgb8DbKJZyPlaKctkGdn8a8O3Bx7w0pubK5yYceeZi6KllcXCZPElbLMWc2N0i0oZOlPLt5hf2LS6i6xGrN8pEjFE3LRz7xCRInees9L48DPxbwklC3BBWQTuzyOdiG2nlKayj6fSg0Fzav0C9yTu1soJViseiwNNen0+lxZWUFmWh6RY8jx47TLYpIeEUXur34fFyAoCLxCwlVE8leqlgV3kBHuGuI4P87wzQzzPD/D8wqwhn2DPHT/o0/8QeIVmBKoAgoIXBYnK1iRWMVwgREptgejxECbNMy6GX83kMfo7GBybhkPs/42JknGbYTnJvwgScfQCuHFB6BRJoeIWhEsCgfkCrBual+UIipNZjfLVljJWgkeIvIEi5trnP60kXAs7C4j26acmH1MoXOpx1Rx6eee5aNnTGi041VkI+5iohdv80wJcEQh2WyBDk/h+uUPHj6WT792QfQgznm5gfUW5uUAqQwKKNBxk7pJ8+c5Za5JZ77xKfoZIZ2PGRc1/zceMQbXnY3ty4f4cnNEtE2oGqYSIIVBONQvV60RasrtOmRNQGVF5yfDHn4kc9wZXOTOStIQ+D85gZ3HTzCR594lOZzn+X4/iN8+Mwz7Mz1YGsUCTCIOBzTVLGK7vRg24Jw8YOAlKDkixvM7r75zCrCGW4OZkQ4w57h8yzVXrAmCsC7gBQaaGibBi0USmq8baOswYOvJMEFpIguKkYK6soSJGRZwtpkCKVFGo0Jjsvrq+hUUiQapRWpKbDOoBE44jRkHMKUccH2IrqhiCl5Te3chFTgLHVdxapHwMbmBhs+pkoMy2Gs7kRg2LaQZNMhTxeT2YOLt7NRloF38Y69J9QtovGYQ8dpTz8DmcGWJWs725DIaFeWmthe9AGyFAI8cfoUuECDi/2dNCfpeT5z6TSuFrFdKeW0ui3BJGBTrAXROKgqmOswCQ5ZWR65cC7ev9CsNiWMtkEonjh3JvqgVg1nzp+JFZ42qKVlQjkhTCaxcnY2tpW7PagSaEpgWvkKbuA1+vxzZIYZ9hozIpxhz3B1kXsx2d30377x2LrB+pgcr1VBkqW09QTrfJwA1ZrKChQtxoBSEqEkQhomdUmv6JJmgWC38dbRSVNMliGTlBAgWAleIiUgBSrRaCcYtQIvQbSAMrEqtBaMQQpJUAEwCDfd1/Px9ihz7bnIJD5BGQ3Cse1UZeFiqxAdv3s3bSPGIZjQtLgLl7j12C2sveI+Nh5+AC5eQfQH1whQmXj/wcOgE7MTW2LFFUKceHXwioPH+ODjT9GuDRELvfgcEJHImhZkiJo/14BWVDubyN4A33iUTPHORdLPi2id1jTxuQRiKRocpB0CApkZfKrwKiCkhHEAlcQJ0jSJLeXJJL6WnhuaHsymRme4mZjtEc6wZ9jdB3qeu8wLKsRoTTbVoisJIcYhGS1jWzNoekVB0ckxec4gyzi42KHoShAemSp0Gn0zk9ygk0CaO4wKcakNEu/AB4GTAWkg0RKpNHLXMJqpX2ZmCK4lUZos68cYIamnU56AIlZA1kZ7seCnVZ4Ho2LVNI2Lij1Tf93X1LkGEaclpQYlOPfgA5SXVxBJgcjS2E4UCnQah3Z8iJdtbMfJzDyDLAclEN6Dczx5eoXDiwuoIomVGtNjVk3U9Vkbh1emnqdiPIrJ8d6TtqAbiS9rlIp2d4ipzEMSW8RKQF0ikow2tPitTQQCmXYRSQbNBEY78bnNDSKBB+Kx3UvpCMOsNTrDTcGMCGfYM4ipGPyaN+fnXYGmtVRNQ/ABoyRZEodLpJGkWqKCRbWefUazaAzOwc7Yk0vNIIFBHsizGuQY7x1CZSip0DKSVLAOHwSNDzQoWqepKmi9QCkd3c58zM8TMoW0i+oNkEpFArFuWv21sZ+iFbGU3R3y2K3ypvIIOa0CnYgk0LaRNP2UnK5q8RXCZJSTMeXjj0HrYTAX7995yDpQpHHatK3jZaNyOoBDrNSURmjFuVNncDqhtzRAFunzCZjd4wUYVVBPq9txhZCKurU43yIA17ppZFW8Stwr1VEC0bYw2ULMdaE/gLbFtzUhSa6ZBdRNTJzIp+L64OElzUZv9hk6w/+qmBHhDHuGq0bRXJtDef7vPUmW0yv6iDrgW0uWCOZ7GYlxLPYUC0WCcRU9YclFQAuLAoyQDBJPXwWUblCmwvoaqRT78x65JlZnQuAALyTWw6h0DOtIhNY5gpi2+KSaErUkzTN0OiUkZyHeQyQ2MR0CMTpWg7vE4adVH9Mq8uqg0PQrGq1eqw6VAhcQSiFSAzubsfLsD+J+oNLTSVMbq1Zt4nGdi8QqFSRpvPtel3PPXmS0voOam4vyhd39SOcimbspWRsNO5PoEyoCTgZCNYEg8E7Gx55m09dOTY/pp/uFFaxtwmAeuv24Hyjc1F5Nx6q4aeJtO91r2sobYFYNznCzMNsjnGHPsTu9D5+/+Bll0EIisoLaVoyrmqLQKCTBtpgElJRs1kPqoKh9S9nscGBxgMwTynHJyuYFmmZMmnW4Zd8J0jxhbbPi4pU1CIo86ZOlPaxt8dNqznkfB0R9IIQ2TkEKiUCws71NaOrIX7WEiYaQMt0kjAQUXKySBNMJSRFbgbSQ1lMeFFMd4XWEsCup8Ls6RRk9SJOEkKdgqrhpaQJMRpEM9S6hTonWqHgcER+L8I6Ax45rxIWVGJjbKKhtPHZiogcoYSrUB5qacPkCCEfYGkE3Aymjs06WgKsj/4/LuP/nPQgT5SZewmAAtobQILp9GI0IfhKP17bQ64PXN/Qaveo4NBuWmeEmYEaEM+wprl/mQnj+wiekxNYN5dY27WTC/OICeQLrmyOUKdAm4IKndQ3DAOeHY+aKDrcv7ePso49S5Bm33H0b3/g1b+Lps2fIPTz8sQcYCsnJEyf4iq++jyeePc3nzpxic/Ui3eUDOAfOOoSPo/2hbqaENK3kELjhFlgFozl6+WXuObyDEQG/S0RKxWfmr/mNChWf33M7BZcvdQl5g8hdbHledz20uVbpqan2TiQEuQ2t5+7mGIumH7MSh9sEZ6By8T5yhUglQiVI37DjKx7OVgh2iPDzcWI0NYCKZIWPx6eJ1aYNkKYEb2HjInLuLsydLwMnkLam8hDc1DBbBnCOzLlIWq7FXjqHe+ZhKOcQxa0wGBDWLiFSCcUgWt61U+mEb2L1eV1I8vUQiOkszawqnGHvMSPCGfYMIYTnTQdeTZW/7t/Vzja+X9DPMnKVkacpG9tjwqREFpo2aQlYVibbvO6u+/i5//3vc6y7wD/8v/4+f+/Hfwxz+wo//S0/zPG33wrAPxv/BH/jb/0QJw+d5p/9+l/lvm/+6zx28Sx//Zf/Db/36Y+TzB3BNSOC0wTvCcFNHWBAqGnb0gJlyg+8/CF+6OWPsz+vr5W11/ltX3si176PrebnHj/MX/3YvYTGIEwdK8UQotWNMlPx+TQh2HuC2uQWf5B/t/PNvEkeJ/EQLk0gUYiXzcGBOBzDlQoe3SSMLOJQh1ZLHnSrfG/y63xan0K0C7ENqtNo9VYPp3t1RCLdbfM2Q3rv/AH6X/kOTKfPWgujGo7n8LIcFhVsWni0glMVFAb2JdBWE4a/92vs/PyPw8UzcPIWZG+JsLoareC6Aygn0z1NC2lnuqd6oxPkZp+hM/yvCvU/fxczzPDHQ7c3eEV/MPhGrRQHD+yj0yn4zGc+y87ODgCJUMgj+zFL+yjSDuuTHerGcqDbQyvJpBmhaPGpoS3HLDy4xje//m0sHT7IF33pl1CXFb/+m+/ll/7TL/Pq++/n5C238IY3v5Fup8uv/fp7+IV3/SKvvOflvOm1r+Pb3vClvOdzn+Ty2dNxQtRHxxgRAkpnKG0IbRmlCTtd/uLdj/MvvvhBusFBTWwT/ve+WkiU57V3bXOIkt96+ggkFuGmQzRSTMlod6veEaiYE10+wfdzr7kXO9xitDpBfcsJ9F+6A+4eEA7mcLRAvHwOvuow7nDO8CNXoHUcz07wbe09/IJ5nG29jRAZEGL71tlre5dag/CEK2fpfcNfY+kvfidUKWcuwUkFP34Evr4Dd0i4TcE9Gt7ega/owZPb8NQazHUMvbfei2v61B/9L4hiENuibR2ddJSeJtPHhA3yDHPpCm5rmwB0u13uu+8+nHNcvnwFgmB9Y/0Do+H2B2/2uTrD/1qYDcvMsGe4Go90g/ZX8JZ8bh8kOXVoOLa0QBEqBnnCoEhZ7PbITE6SZ+yve3zyQx/n677jnTz99NMMh0P+zo/8n9x2221cWbvCd/yFP89jjz3G2toaP/hDP8hrX/86RpMJ7/jWP8NnP/tZqCz/1zd8G6HcmVqgNVHv1rSEehKnJZOE4DWqKPnRO5+CITA00Mj48wbxeyOh1dAqGAGbwA7QAKWGK/C/3XGWQ8sbsD11l9kVlgvi8ZWYGlJv863ijRxVd7K6cZrt1pH/09fAVxxi5w8usfZPH2Xtxx/iyo88wMrf/Czr//YZ3L3zFD/zOsZdzeUr58jDIb63eT3oKuoA6zruO3amuj4RAEfwLXLhIP3Xfgv+PJx9zvLnFjy/dRtsb3v+0dOOv/K449sesvyVxx3/8BnHlS3Pb9wC37XoOXfaYk9B/9uhSlsAAIAASURBVAu/DXn0LsK5M4T1jTjgo0ysBj2QZFPSr19aUD/ris5wkzBrjc6wt9idltz9+fpfCUHAIZVgIcm478BxdooBp3dWaEJAmQQTFFnW5VPv/10OzC/yrl/4BW6//XYA/uw7v5VnnnmG+cEcv/qf380999wDwPd/3/fxsY99jERr3vOrv8r9998PwCPv/xD4ENMn2hAnKbUgeEuwEmEUQXTY31lnWbRQCkLdRrJbXICl4zA6B+tr0A1RTD7owOIdUF6B1QuxAuwYSFvunZtwcWWACA2787NC6mk+YQwGRhnuc4egsrSlZOlf3o+vPBvf9SlC6wlBIDsaua/A3NIBAht/9bP0f+ge5v/5F7D2lz4Nowkvnz8IIQccaIWwNk6fGhf37oAwGaFPvppE5Zw6C+88IPmpWyVf+1nHR9c93UwwpyH3UNeBZ1r44RXPr1wM/N4XKGjhZ8/DySUwS0epLz4L4xEiSSDN41BN8KA1QetoROBealhGzIZlZrgpmBHhDHuGEKYxRFxXDV0HISS+2UKHBdpWUFYjdNphsywZlyP2LezDuopzz53hjttu4UP/8pfYf++9VBev8I53fBO/9dE/4lDe5cN/8IecfPV9sLHDd3/3d/Ozv/4r9IHffe/7eP1XfznsjPmhv/g9/MS7fxHznW+n9RIaF7XvIrrUBKYWZNl+Onqb0AawAtoE8dYfhbu/E/JFqDYJn/tJeP+Pwau/BfGmn4TuYWgncOo3CH/0AzBcBQGF9lGQLgRi97Xw0zalD7GFqAwmpHC2of+37yQoxZXv/DT6SIHsKjrfcJDkFXOYWwvkQgLA6nc+wJXveoAD7309/R9+Gfy1c5j5LFrFyYAwJu5L1tPBFWOiEXbbIEnYGMHtCfyDWwVf+wnLR1cDJ3qwXgVqCX/4JsP/9qDlk5uBEzl89ornbR8LvOc1ik+sw5ltEGjQAiEDDLdjVVgUUE3i802yuP86S5+Y4f+FmBHhDHuGq8My10fHXweBwFrPIFH4quEDTzxEp9MhMwl9vURPGyZ6nubsOV7+//nL/OrrDnHmmY+xcvkyD3/1/bzhu9/ObbfdynvvnuPC0x9he3uHP3ztUV73p36co8eO8vE33s6vPfURRuMRf/Sm47zqLf8nZ558ip1RDbnGNzXBe4QI08pVEoXzCbgEhiXc/ia4/4euPehsHvH6f0DYPo946z+FbCFebgq441th9UH4w38MhcQ1AfDTPcmpCw1y6rYS4mSmEDRlgDvnMfcN2PjRZ2B/D+cEZCm97zxx7fWsPaH1+MQg7lhg/cdPsfxT98CbD1A9dxqK6f0qMZU+Tm3OdokRT7A121vwf78Wfvey56OnHMcWBLaC4RDeflLysh78vdslb/u9lloIjhl44IznPQcl/+etgm/5OGRCxKlXL2Krt5rGWCkZ9wuFiTKMl2iNzqrBGW4WZkQ4w57hqr3aDbxGXfAUOmN/t8+wXWNTenbGayx2+/QHy5TNDhvDMbfNHaLev8yviCGuL8j2neStb34TAsmIEb965TJiTmOW9/PG1/wQCk1JyXvWLhHmNXp5ide96u+wPXqKs9//IyReEbo5Ms8Yb+2AAxFagpRgy6h5byW0EEL24ltZJ75ySmwvQDDRD7SV0V0GMU20ECA0UctXX7Nbw9NsAF9/kObZDcYPViS3dXBbLXoxp350zPiDW7SnSspP7TD4ln2IAx1Cp6a60FA9Mib9kn00nxVwLIkSibICk8a9wd3XXkkwikZIDio4ksDffdyTSRgNAxsT+MLDkp+6V/HOD7X84lsM7zgm+ZWnHAs9QUfBLz1t+Qf3JxzP4FyYPiep4nHKcXw+WQ+qbfAtqHQqSXnBeQHXJnBnmOEmYEaEM+wZrrW9bhTFEzBac2kyZjnT3KaWcV6ward58sqzpASc9YxKTzq2dJzB+QwmMJ5cvHo3B8jiDw7Ky5evXr6P5Orl1eQS5emLBNkgjaGuG1RQDOYWGY238HUdtYWNI3RkTIxomQbpvgiqSayEXoi2jfKLVgIqCupdmHp3Tm3Y2jJWnAFQAec07FPU5y0uyXFe44IgW8wZ/v4Wq//4PPpAghsGekERRMB5Q+hp6jMW7jOE6DwQ27lMo5/E9HjeR6u2zBAquK8DWxU8fMmxoARpgKEN/Kc3ax5cD/zyBy1ff0Ty828y/MGzjq6DAnjismdYwf1dOFOG64jQR8mGayAkkHehGkYpx4u89YH4EEUQzDqjM9wMzIhwhj3D1dbXDVY7JSTONlTVOhOZMiBFW0sSDKoJZKmhKDSh2mFrNOaAz/Duj3MKfz4BC2fAaqSMHpxJsNS2AQW6m9JmGWFUQV1FMbgzcQrU3mDQejdJ4oXP2UtEA7Qqbo/tGnvbqVgxuNiq3OVXCUEo0OBbiZcJLhgcEtcqdDdFnhxAT9FcKGlH0Q7OBgMabBnv3xsDeFDZNSs3pnmAPoD28a8/SBYl7FSwteK57zbFT77ZUDrYXwie2g488T0pF1vYbAK/8jZDPxH8rY+2/MH5QNvCgiBOzQo5nUOfTsYqGW3XigFkCtrqhnuEAvG8OaoZZthLzIhwhr3F9WETL3CW8UKiRUUuHL6saNUE7wJL+YDbjr2Mid1hOLyCMZpcFfjagE3+xx5HmyB9ghQBJaKGsPGBqhwigKQocKnC1g4mNaEhVoTuBkR4vW/c9XAiEmg9rZayBEQdPT/FNIEiSaPEwTmQAud1bMMqjXMGJQ3VSkCvCJI7JNYaVCvp/+lFum/psfkbOzifEFwgJCZuOzbqOlaZJl/4aSignO5LCgFasjGEnoSuilXe3/7Dlt/5lpR/9YDl337acs9+wan1wGuOSn7szYbvfF/D4yuOTEbnt80toiVblU9d5+S0DTt15xnvIAb7okPNi1XNXLNYm2GGm4GZjnCGvYW4znz7hYVhEDg7AVczMAVF0qOVlmpyibq5gqAlBIlIWhIhoc0Q1vyPfbUJodWYJKVTGJScti0FBBdIRECrqd+ED7G12QLNDWKEGnstcul6WB9vZ9XUXm1XTL+bVs/UI1RHpxnvcFLDGujDCU1laIaa/P4eC++YQ/QN46dg/lsWOPFvD9N9Q0F1CZwwNNua5GgG22DrKREKopvM8wyvp9mEASSOB8/CfAKvWhBcfsZy25zgsTXPD72v5uELjl97yPLJs45//aHozfrd92kuPue5uy/oafjcOZAiyiTIdJyMRVzNSQRPqLYhLaK+8EVPCzGjwhluGmZEOMOeIu5YPd9WbReBgJSK4By23MI2LUWisWHCpbWzjEY7dNMuPlisFag2Rf5PfAmbIIImNV20yenkGd00RSrDuGxpnYc0I2gdibCEUOyLj/XZj+A/8vOEZz8cH3z/EPQOwJUn8B/9BcIj75tefgwqpnuE00rJ7E5QEiu1po0JEWkBBNR8Sv27kN2WovblUCTc8Z8PMv81HQIS2xqadUG75tn8vZLyjCDoBLmcUdybUb8fZD/hqv+bn1ZnvIAMhcQoxYXzgcvb8I23axgFXjEv+MvvqWkngZOF4KCG45nA2MD3/5cq7sAOA++4QzGp4LlzkFgX90KzYveNnXqwMg0QbgjVGEzyoudECIEZE85wszBrjc6wxxBcr6C4HgHITEKhA81oE3SL0DHPr+hktMHStCWirPCNQDmBs+mL39H0UDf8XZuhfEZoPQ0Oj0AKRaI1EznCuwYpDGiNBKQVMRNw5Qzu576N8IlfJJTTsIm3fz/y9d+G/62/i3/f3yNMYmKReP03MPUSg1ZO/9hi+5M0jU4ryFglNi62DnWBblO2Pwficc+xH5nnie/ZZvSwRaWw+t6W7N4Oa+9r2fjDTdx2QOSa8pTnjn/Tp9mAzT8A/bLp3qD1UdIgplWob6dxTFG/KKRhzgh+7Hca/st3a979Cs1f+rmK3pzgWEfQlvEF8wSO5IJf/azlF97f8MrbFO+8z/CNP9fQVwmtiNUstY+yE9/GVrDUca8Qcc1cfIYZ/l+GGRHOsPcI4Voc3/XTEUIQY24dOjUkhWZ9e41UJLTW0kszSlcyZgTOIixg9f/Q1L30ApzG+ZLgBcF0cW0bf6kAG9CppkExGfoon8gG+Gc+BeM/hLkl6BpCPcb97j/HP/NJwrnPxXim5QWCD4SPvQcSg5o7AO2EEhMrpbqMaRDaQKriNKUP0aMzhUoo0sPwxP+34mX/ocdtP9HnM18yRHUEyT5Bsi/B14F2HGgnYC/BrT+W0n2F4ZE/P+TYUkLtA4QWZCey8lWT8Clh7aZtCMuiDjz2tOcfvq/mPX8+58v+2ZhHnnLofZJOKq52VbebQLniufWk4ve+p+BHf6vms495bj2ccAFACYRWkHYI29uRbNX0wGJKiuHz363dqdEZZrhZmBHhDHuK8BKCMRHAhTi4ImXAWo9BInxDSOdBCBYSwVYoGV05w34xnf4Uf5KeWiD4QJpAM9yibkYkiUEpSSMErqowQlJjcK6FLGFFD1hvE/aHMUHPIQaDuHq3gBpA0cE/9zlE2ouVXuvic+wfiYt83QKaR1wBehrm29oYS5SksYVYNcgQ8L7kCXOJPAVbJzz2vTV3/ETGve/tcek/WYYPeybnpr7ZPcHgLYJD79Soecmj31sx2VIsLMFTagX0DqJdvLYPyfRxEeJfvs+wzXma0YiTCz3+/X/dQll47/cW/NLHW371ky3PXPGM60CRCG5ZlvzVb0r5jjen/Nhv1Pyr3644cXRAO6mx9SUQWSRZOY1uapq4bxiIVeHuXuWLvy0zV5kZbhpmRDjD3uL5BeALYpigbBzGC1Ln8JMdFrsdXFux48ZsuoRulrJ//gDjh3+Nyeu+m/TYPtrVEFtxiOtmQiLh7jq6hRCmYn5Jb85gS3j8E++ibiWilPhqC1N0CJXABwFZlHIYMtpijh9vT/BTfJYkKMBw7RABUJBOHWXa6WTm7nPCgSn5xdFxzpY5wlgI6pqkoW2mOYQhVkx+kd/o/CbfM3wHr+4VPDyCx76z5ch3GQ5/s8Z9LbhhPLbKQRYwfgLO/usWSLl3SXEa+KX+e8H1prwTrqXK46aVWUDqLq49x3D7N9nf+1ZOLvf5md8Z8elnAt//FSl//+sMwzpQ2zjL008FwzLwzn9e8onHLSeO9EkRrK79F+zkCaQ4TGh91A8qEyteprrCqWvODfURQhD8bJNwhpuDGRHOsKcQ4hoXfl5rdHrhdlmx7D0GR2hBa4Ood+h3DrLTXKEKAlZPc/bffwsn3vHPkIfvi+G0XDNPKZvpVpyKPBOIhVoIMFy9zMMf+Bk2zn6a/txRJqOSJJEkSqA6GavDEa88dhBjUh5d3aRtd/jn8gTzIfCD8jk6or2uCN3d8JyS365OTsTWoxOSnx+e5DvL2yDx0WM0+DgwI6KGMUoZAAIiLLAlL/DnDv4f/OTl7+OV3IYvDKN/DeW7oH8fZEfi3VcXYfg5aK7A8lGDSuEz+jw/eOhnOJM+ixjuA0PU8FWWOCa6O9EZKzdh9rE1/llk0PTN13L7cp/nzsJ3/BS8/Bi84hgs92F9BI+chQfPQq8ouP0AtHXF6pXfYGPjXyLkwjXHnOCn0gkTH6gK0+QJ/aIVYbwkMFPTz3CzMCPCGfYc1y93L2yHSSHwQtA6WJ47Qk1L7Uck2pD7HUZ2G9EK+nMnURunKX/puwhHX02r+qyMNtkoRxweHOTwvlspwzanRttslY6OyXjN/rtJM3jXp34NMV7nzoN3cnq0hUkNIXh2trfZt3iIbrdL8CllK2hsi5COECr+rr2dn5b7uT0MqSZjrG9Z6vZQu/6aWlFaj7aO1EgaIXlOD3hmKKFjkJ00enA2zbRyVCCnwnqi/VzwJawmPNP/BF93y9/i3u0TdPwC6qjGtS1+XWEvCCQCm1g2j0zo35aQqZTWNHw2fxK4DP4kdBxMxpFgUgPNdDgnEPfsACk7OBnYWPtHbM39Aak7gBCGorA8dlnwyKUULq5AsDDXIVPgRoLz40BbnsW2j4FZRKg+YKdG30kcmNHqumo3I4iAfxGuu1pYzzDDTcKMCGfYM0SvUV5iMCJQJF180sG2Yxw1MslxjaOshzSTIb1E40NLqEbsP34v21sXWVx5iEsrZ8iTjMK2DM82ZHe9hguXzrI1mbDpHKIzx9nVRzm4eIKXdea5rHM6poMSI1CetnYEPOujEfsGi2w0Y7aqCUppXPCI1uH9iIvecLE4SX7kAKkWfObU09BYaCbxee0/EU2mL5+FPIVkDpJtpLdxcEVJIMT9watOO4HgHVpJDi7t5/7XvpHnLl/hocvP8GDn0zHJAgXKQxaib2gIsDjH8RMneGhtjbC+Hcm17UC9DIUlhGlsUxBRqiHVdMxVxFapFHgcQhfccdubefLKk5ThcRhXU9tTB0WXV7zhKHZScnlri831TShH8fZ6Dnw/PrZkSuxh12FGTv1MExCaIB2yW5CmPZoXPzkQYVYRznBzMCPCGfYMV9MnrjqtPX/h8wT2dRcZasdQxQihJNRsTTbxXpCrlIQSrw3z/WMUMmW1qli482Xc9aovpBqNEEmBTBXGwOGT9zAJiu3JDqnJCJ2cjc2KQ3qRpY7j7MZ59ve6rI23CAq8SCmbIZc3SrrdnNRogvUgBFZ4hHAE3/DmIyf4ypfdjQc+lsOkdUgVqMdjXnfXKzlVTdhYWUTVFR88cwbdLWg215FMK7PWIbpRRxjqmOQeGsf+5WX2FX0O9gfcsrjMVjNmbu4eXra0zMpozGJ/jsl4iFaa//bQZzih9vPOI1/IU8U67SHB45fOMZflpCYh1Zql3jy//qmPsbW5hhDpVEQfpl6gUdAfJkOWl5b5gbd/Df/uQx1SnZAKSWoMq+vrPPTMM3zZnW9lc2cbHwIbkzE7wxGDJMFLw8H+gIfPnuITDz+K7C0wZdpoKB5idein8onluZOY9AF2bvaJOMMML8CMCGfYU1xvpRVCeN4eYW0b5voL3Hv3ST7+uU+y2jiUbvCuZV/aI9MtbT0mSyA1jtHOeWw94aFHPs1f/Pa38tSpR+l3Cubn99HYmv0nlzm3tsrajsb7wMnDt/OwfJr/8MEPMN89QRYa9KShIw1Z5tl0llRqQmgZjSwy6yBQOCCoGNqL0xxcXMK2lu2m4tbDR6FxDLoFG9vbHO73CIlhKe9xCMmnzl+kIiCkipViGwhqKvmQkezRAqxkcbCIDoLf/Nyn+aK7X8m3vu4tmMzw5NlzvOrwUe44fIQHTj3DLcv7eXZzhVPnT1PVNYNOn83JhFccPsKJ+SWevbJCL8v4orvu5rcfeYCw7mLr0WiwuxKRqe9o23Dv0eOcXb3Cl959D3Xd0DEpc50OD549w+NPPcWpy5c4uW8f5zbXuW15GbnvIIVJePLsOb7sVfezshMTO1A6EqBQ8btJ4mW+BZ2yT3aonftjnRszzLCXmBHhDHuLq+OWEddXhUoIJo3lwlbNsYUjrIyucGFng8IFuolB6oy2GSPaiiuXn8AHQS/r4L3nv37gPZRCsrp+mduO3IG1Ewieyzub5J05nKt46JnPInVKFiaM7AaVzFCTMYvdRUzaZXN0BUmKMpLgHZaAkppBp0dlK8q6Juv3+aNLF3hm7TKT2rNZl+zPC86tr3Lrvn38u4/8AYtLBziy/zAfH+5QNhaXSGRRREG5t4jUEBBR7C4lYBFJyjPrV9DCE6zltx55gDv3H2RLwMWNTcRjD7GvP8dGW3Gw3+PC1hZtlvHBp5/k6Z1tagknewMevnSOhy6cZ67X5YPPPcPl4Q5ifh6qNhZrRse2piCG9s4v8Mjli/y3z32G+269g9uX9vHQmbN8wfETfPCJRxk7x+krKzy2doX14YgFociSlItb2ww3t3nguVOseYHYdyxOiooAyDgYI1UM420V3V6frz+e8zvJDSzqCC+qMZxhhr3AjAhn2FNE4nvxBU9LxermCnrY5eTcMlttTe7XyLoDrtDSGW7h65IszegVOePJDon0SGM4f/5x8t4cdeP58IMfYbFbUCjByDlOX3oOYyRJkpEow52L+xmTUlnBqrNUbkLTwrH+IbbLlrsX9zFW8ND6ChAopCSgQWsSIbiycYXLkypWO0ZyZeMymITPPPUIyJTLq1e4XO+A94hcIUXcqxNCT02nXZQWmBQmJQSHUIpxU4FsY3RS6/jEkw+DSmAwD7Zh59wpyDI2NtZizFEq+aPHPhdjjoqUza316NyS5WzsbLOxsoro9BBpGl9z2xJ0gsCDmE6NSsnljS0wKZ87fZrPPfYYGMOTZ0+B9ci5eT735BPxuSrDelXHStKkIBXPXF6FxSPIhT5UzbTi9JDEqjC4hoX5OX7w1bfwza+5hU++O/3jniozzLBnmBHhDHuK2Aqdmm6/4HfWOYpOQSdLeer8WWwiWVrej/c1dbVNVW7RywckRiGNQaWWNpQk0hK0xTYjjswdZ6G7yKTcQGeaghSZdZChJRECIy1eZlgcC50Eo7uM7ZDtcov53u3M5wVVO2bLGgadgrJpGJYbSJGSKoPSnjBpEToh6eRopZionE4nR8/NsbWxBU3LIM8QRrK1so4wGUpKvG/iMIkJMYPQDCKh2BZ0QO62FLWIBJilUQyvBMzPR/G9d9NAXwAfSVIncc9vSk60DSQG0jw61tgW0c3wY4k2CSENuLKM+7UiIIt4Pd+00E8QImouZdWCkcgD+2GnjO9bZzoMg4nyiEEP0v40OUPFVq/34BQ+ixFRL5vLuLtQXNga0vrPj2ESL3o2zDDD3mFmuj3D3uLGBSGJSqiaEZ++8BifOfccRwb7ObK8DzvZYFkmFMUCXkLlWrZHY3rFfnpzR2mFRWHxradtLIXpo6RgVI3wwZErjSQgQiDTKcaNcXaLUblNIQKDJMFowVa9ivIlz26c4omVZxiVEw525ji5fIC0m5JlEu8taZYRELTBU9YWvKduLCLpk/YGkGiSoJjPOtFMGxWlBGlCVMJPX4PhViS7vIgEF9qr0UjxtZpKEFob24ZJxtUbGz0VTYZ4W+cjGfkwJVsDya6xtyO4gEgMQUCQIUr2hLhGooS4ZTkNyJWBeOyrwy9EotMpJFPySwqQ6bVVxE9NAZQiGEBKRJZzIs94enWLJ85dpK7bz3vfr3oNzbhwhpuEWUU4w57ieZ/+X7DwaaXYqWu2WsHCfJdzm8+xr9uhSAxbO6t004KyGjGylrlikeXFk6gsZ/vMmDzX0FRMqgm2bTHSo0MJdY1OClAJOlhqZ2nHm6RJgTAZEkdHaZwynK9XaZ1lbu4gvqrZrkou+iskWcbqeMR8ljCnOzRtizQe38YWpxIW24wZ1QkySSHLWB/tIPKCg8uHWNm8jLMNQkpIp1ZnnRS2R7FVmhRgp7OUcppkDzG0d5cm2iZ+T5Np2ryPZOiJJNheJ8nQMt42qOkACzHhQim8mO5NpgZh3TSrd1rJGTndx5wadSs9NcoWV2UQ6G78rqbHFrtkqUE7wMYhKBuY6/b44oUeh3MFWlIkmhtFTOzuEYZZMu8MNwEzIpxhT/FSy1zrLL2kwHdymEwom5rh2LJUzHFha4tJvUMnX+RosUinv8C6l9QrZ5Ctge4SQu2QBr9LI2RaI3xAJyq6fPmGgEWR4lvLcqEYe0flAnP5PI3psFWPsX7Cvt48IQxZayt0sGRJYHtcUaM5sm+B9aZiUlWYLDCsBbQe21SoRKFSgwuOK6sr7F9aJMk11ahBBA9GTdudGjqdaWbfVG7A1GFmV4NnPeBiNRim06W7gbduermYitadBxtiG1XJqCncdXfxLg6yeIvMc4K1BG8JiYY2IJQkaBVvb0SsQN20BeuJt0+KmHYvp+G7EB+PB1wgKIlIE3zrobIszy/yxYtz3JIqqrpkJBuMWsCoGy050VBg5jc6w83AjAhn2DNc+7T/4nTo8WyPRhw7thw1h2mOFhNEC93BPqwdQXDstEPWtmqO7DsBUrAyWqMeXkRkPaxtKZKMJFNMyhFGBjJrKNsJXlQoqcjyFC0Uw2oTKxQ7bYMNgSJbQCpYmayx7gJeKBLhSHSGTBRD2zAab/HkypCsM89ikXNhvAVVFW3FJiU2TSDX4EuoSla2BMmgj8pafGMRWgMCSg/kUMiryfQxJslHskskQUhC1YKtpmQoYiXoideppr6hWkUiDLFlKoWZZgGKawJ+H19331pEmiKcBusJNITg4/V8iBWgUrGa9EyHcgSIlCiYV9MEi2tmACiBShW5kjTkzKk53nHkAPvSFissi1mKtRVK2BfNLr7WLZ+R4Aw3BzMinGHPIHaNRqdj8i/0GjVSU4XA1niHgwKGoxXaPOO51RX2HbyNufQgz535OEEETHGYrZ0dLq1exGQF+/qHyNIuVT2OU6WdgmqcYAOk6RxB1LSuoqm3ee7iBYLpc+DAYbx35BpG9QZboSVLu2gnqdoRMumQeo+QAkFKuXYG0oz5uZN08x5LmcbicUUXpTXBgRcSkxqk9NRVxdq4otlcRw26SBcIuwbUmbhGPH6a7h6mgyZG4+sRTIaY3j76RR/hPN5bVKYxUiO0oalqnPVIEeUeE9tQrq7ju33koBcdbxBxv9C2sXXa+nhck4JvCcohxNTn0/hp5Shjm7QNwFQPGBQgoZleV8kYH6Uknvi4O3nC7VnOfUWfA4kgyaBIE44s9Gjbln63g5QvPpYQW6M3+wyd4X9VzIhwhr2FeP7P17fCatvwssVjZJ0OO1sX0T5B+RST9TBOc7g4ROfEm5mELZ5bucLZjYv89T//f/CF97+JpbkFCOFqoSJ1iiDEvTkhEEJC8JTVkE8/+lH+1a/8Y565+DTHDtwKoSZXBktLaErAkAtNVyt2ZJ/SeVbOP8nXvuFL+Rtv+0buPXorSsRWrpaCEKZm09OVPASBmi74T65e4qc//of8zEf/K9Jk04nLEPfTtIlRTm0T5QzEYRQ/3ibtZvy9t38HX3ribrSQ9Ho9Op2C4WjE1uYmPgTm5ubo9wdUZcnO1Pnlk+fP8MMf/F02hzvIvBOPtev36YHEEKwDLxAGhDCxmp2mXwQEwYH0cmogME3X2E3MUNN2aBCgRCwahUQLj20cCz1DP3XU3tLXmn6eABKtDGmaIqW68akhZxXhDDcHMyKc4abhhcuekpLhZIPQeFyzjZaa0WZJmi+Qmow8lRzZ/3Ieu/gobXuBf/7D/4i33v/Wlz5I8nzdWpF3+Yo3fyOvv++L+DM//CVc3LzEoDtAG03rGmqdEWQgE4oUQeMrrmys8vbXfiHv/cs/8id+jq85coLXfNNfoN/p8JPv+0Vkbx6UQgQVrUZN1BYKHMF7vK1QUvBLX/ddfMMr38TOcJPe/Bynz5zmv77vt3n66acZj8cIAXlecOLECd7yhV/IK++6m+HWFq86cpKX7z/EV//yz7LTNsgkQ2oBGHwdCEHGYAw8SiuC0DjvCMEh0STaRMlh7QkteAXSXZdYoVQcsGk9QQk0gX6iyBKD8Zo5o2hx5JlmXFb0Cs2kaajqmv7igBfjuquBWbOKcIabhJl8YoabgLCbOvSChHpNVV5EthehnVBP1lkdrnJ25Rzb5Yhn1tc5t3mJh049ztve8LaXJMH2t/8G9c/9qWhr9iIYdBf5nm/6m6ztbDD2hnUnaYLH0xBUw3YYsWonlM2IJDP8s2/+3pd+Sqe3YTQ9VuXg1Nbzfv0TX/XN7D98K75qEUIiEo3HxlQHJQlSxEGVeoe3v/J1fMPt9/HkxdNURvKuX/sV/spf/2v8zh/+AcfuuIMv+qqv4q1f+ZXc8+pX8dDTT/L9f/MH+dc/+zNMBDx55SJvOnScP/uq14KrEdNJzSCjgF9qgUgTglAoZejnKdqkqKRDkuX085RBktJPDXmiUFLFivdqniCE4DEGumnCUr+LMZJR07KvSDhfbnN+Z8yk9KRJiiOwNRyxXZYYbRA3WHJm06Iz3EzMKsIZ9gwhhKtDj7spFNe3RgMSIypSu4VvA15Gj+q8UzAJjgGK4c6YzeEGd916y4sfxFma//TN8OyvIyXU/+o+zJ/7beTCcfxTv4U49mZENgfAPSfvZ7m/n8a21CLmETbWUhR9ynZMkIpx3XBy/xFuWTrw4sdrPfzkB+BDz8HxBXjtYXjwMjy1Cq85Cn/rS6GIf2avPnYLv33+NN6npCZFANZ6hEqhmTptas0X7DvCpCrp9nu8+z//Z37pXb/IX/nf/ypf/uVfyX/7b7/HRz/yR0ipOHzkMN/27d/B6pUr/NOf+CdsbGzw57/ruxmVE+6bW4SsgzAa2zRIoRA6DsAIIdBK0XpIdMK8htJ5ChWrYB8CqVZUvgXrmYgQdYhSgPcxclHCQqqYz1MuThyDNCGlZWUy4rb+EkZJpNR466hti9aK0XiCv4HX6HWd5Rlm2HPMKsIZ9gxXY5iuGx59fiUQyE0fn8whk5ifp4Vg3JaYusZWW5wbrZMrxXze/bz79yuPUv/LlyNO/zrJa1+Jecvr0eEx2ne9jfZ930fzH7+GsPLg1etnJiUxGSE0zElHhiJ4QUd36Jg5aGM00yDvccOJxvc9AD//+5CO4Nxp+A/vh6eegXwMv/IBePdHr161l2ZgAkEJCpkwn2QE56NQXU1bpUqRIMk7XT7y4Q/zy7/8S/yNH/ghbr31Nh588AE+98AD+CCYX1zigQce4Ef+zt+mqmv+7o/+A97/B/+N//q+95F2OqQiSjIMktwkKAKJFOTGkCtBJ1FkqUFqzSBNmU9SMqVRQpIphVIaIQyJVCRaT/cZRZzwDBYXHLWzHEoE93c63JllvGG+y6v6XW7dn3FwPuHC6pC1zQkQlZGtbWmc/fzzgt0ewYwJZ7g5mBHhDHuOq5TyeZoxTzdbwOTL6KyHSHOcVdidDcpyg2HrOLN+gYkPSJM/75bu0V+l/Zn70eFJzGvvh/5xSA+iXvEGkt4K4dP/Ig6H9A9evU3rLWNXE3BoEQdGnC8ZtltoWZBKg9YpcG0I5/Nw8Tz4C8AGyHUYjEFvgF8DcTGS4xRKZ3HPUkvaYKlliBmDvoryCaPBCDyBra1tfvO97+VPvf1rmJub42/89e/jwoVLfPt3/AUWFhZQUvL2r/nTfNM73sk//Sf/mNUrq/zZb/t2fvt3fosLFy5EcsWB8PSMIpWSXHo6WpIpTSI1C2lGqhRSKQqjyVCkJsEoTSYlvdRgtMEBRkr09DUIwSOBUeN5enPMySLnjfs6HFno8vojyyTC4/HMFQoXXHzthEJIiQv+xV/H6QeimY5whpuBGRHOcBOwu9g9X0AdQmBUDcnISLKCkCYkaYc86bAx2qC3OEciDePtMUYm8UaTNex73ol91ztIDuWoe98IxSEY7I9f+QHE8VeS3HsHspth3/1OwsoDAHihML0BTglqoFGeRENTb2DZRmcFldNUbRslBi+GN98F9gKsPQvlRZhcgMlF2DoDw1Pwxfdcu25oYoatUYyCBSnQeUbQ03xAnYCSZFnG5x54gNFoyP2veg3v+sVf4Cu/6u047/jAB97PmdPP8h/+/c/wM//2X9Hv9/nWP/ft/NK7foGDBw+RJimf+dSnSLIctEYEMErRNQYjJQhJYjI6aUZqNFIKwNMxir6WpMGTK0kiFXNKM58bEi1Ig2DXF0YKRS4FnUwzEjBsHfNZilGC2nm2x5adsiFJA0IJWhuTRdLEYPRL7cbMnGVmuDmYEeEMew9x41+4uiRLYHu8RlNuMGbCiWOv5PDSbTx+5hnuOnoHdx67J7qPAaHZBtNBHpxHzM1DOg/zh2D+ICwcgIXDUByAvIPMFaRzMFkDwMiEg/0DNFJTAxUBrzRCGmq7RW0b+kkHpSU3XJ9feSf82S+Bj/0O7JyD6hKML8BHfxu+6Y3w5tdcvap3E3AVQig0gX1pznyaEIQgKAEy6viCFJw5fYrDR45y4eIFmqbh3vtexW/95m/w0Y98mLd+0Zdxx513MdwZ8nP//qc5dOgwvV6fixcvcPKWWzlz5jSttSBjqzMQSFNFYhJSpRkkhm6SkAhFRyoUmlwK9uWSg4lhySiWE0nPBHoGjiRpJFElEMIjlaDF4gTc2S1IHazuNFjn6RQJg46hbS0iBLqZQqtIxkli4nToFNeTXrju/zPMsNeYDcvMsLd4qc6XECgtqJoJUuYonVAFx8r6syz05mnH62h3mM2qZtTU8SZzt6K/5t/h/v1HCKNzCO9i6kJWxPZg3oOtS1BXMBmjv/n/Riy/DIDWThiVYxpZIFyLUAIrPVI6Gl/RNmMOFssUJsHvToi8GP7eD8PlM/AzPwMLc7C+Be/8M/ATf/95V+tnHTApHSMR3jNuSzIFA2OogqAm+n02bctkPKYoOmysr7O4uMja2ipN3bC5vsHTTz/Fn/7Gd7By6RLj8ZjhaMjXfN030O/3efzxxyhbR1NVGGMwRiGUoGM0AQXB0lWQIxBS0JGK9dahgqCrNcEHaudRClwQeC9ZdS0NHikUmhap4a6FJWzp0a1A5NG0fDhuKXJFlmmE93QTidRQtg6TJQQC7kWGZQK7A6mztugMNwezinCGPUWUTTw/pX4XEhjVNVvjBi86DEO07XJujDaWYwfm+NSzH+fhhz/E+mj92p02Jfg6itWDjYbTQk73IH1MSCdE/dv22WvHBjaqLRZMgpEZqdLMC4sIJUrmKCwXyvO0wT+vkvl8SPi3Pw0/9Y/h0DL86N+BX/pPMUrpOiiZQNrBSoU0CRaPUJoiTSi0ino/FYX6BGibaLRd1zVFUQDQH/QpioKHH3qQ5557lrNnTiMQPPXkY5w/fw4p49CNdY7UaFIpkNKghWHZ5Ow3Xbo6Yy7RLBlFTwqOp4pCCFoHqZKkSiC8wFhBT6gYKKEDRkKqDCIY+iTsUwk9nXJ80ZBnHqkCSkJuNFpFv9TKehKlyLRGCzVtxd7ovJjJKGa4OZgR4Qx7BiHElAPF8y67+jMghGRztEKaKg4ffhnWWUIYUtdbuCAw2DgDIq9vZsQ0BkGIJtTOwuZFWD8P9SQaXIfw+QlQwdJ6RWFyEq3wTmFEjtI51ge8qBhVazRt/ZKOKFfxfT8EDzwGf+dHX/TXlZcQFCZ4EhVJuvWOLDEkSjCXGJBQNy2dbo/LK5coOh22t7eQUnHfq+7n6LETbG9v86EPvJ+PfvhDdHs95ubn+fjHP8rq6iqbGxt0el28cxgpkcqQaMW8SljShkOJYU5pUinpJoJcQ1dqjhpDLgNN8CRIOlpTysBK26ARDLQmVVDkkkQLnhuO2PSB1UnFpY0hbQ2JhCSRaCkxRiKVQBKYK3JSpRnVFda9eB5hCMxMt2e4aZi1RmfYM4QQns9EL1IBBBwhCYjg6IsBi0ffxPbOw2xsnyEpjrJ//iinBpcI4YVj+CGaVocAm+ejt2YI0xgiGQdHXrDGKiFIpWAUYoXmLKzrjFpUiNDiRTxG8G5qQ/bH+NyobvwnVfkGlKZjDK1rSKTC2li5ZXnKVtNCqhmNdth/8DB1VTEajTh2/CS/8Z53881/5s8xGo35ow++n1tuuZWXvfyVvPkL38ovv+vnOXToCFmWs7a2yqHXv4WzkwleK7pprPzmtaYrBB0FHedxwZPJgBAS6RWpELR1SxMEUgiGbc3QWrawOBFIhQCt8AL25YKyathoPBNr2dwwHJ/k3NMt6I0Dg75ESIsQhsXBAElguxrTzSVKvYTF2qw1OsNNwowIZ9h77K53L2AmKSR18AjXEsIOk51zLC/cwr7lV2CFpqxK0s4Ct952Dwv59W3HgGg2IQxh5ZFIglfjXqdkGFpoAFdeexgqQUqP9WNQGZVo8FIgZBqJT8aEdSnl/0+WaOktqABGIYNG4EhUoPIlhcnJjEH5BFvVFHNdTpy8lY995EO87SvfznC4w0MPPcTBAwf5wrd+EUXRoWkafvE//izD4YgvfdtX84H3/x4HDh5ifnGZp7cuURjFskk5miYoacgJdAA7DZYwQSKDQsj4YaSnUqxrY8tWCkQQWAttCHQTiW4dx/MOKZIH621q1xCA803J5WaCt3BApryq20NJz6RuWe7B6SvroCQnjx3F3IgIBcy6ojPcLMyIcIY9g3gR+5DrW2HeB/q9HkXm8MML7EzOsr79JL3eYUwyz2C+j5isYaoJc925a3eiE0T3COHK49BuvMiKGiB4QpoiewevPzhaKhpvCQloBLUvUbqDkvM4XyNEIAj7IprHPzmWsoy+9CTBU0kAhdEC7yyNb1E6I/UxlWJra4uXv/JVXDh/lg/94e/zJW/7akxi+OTHPsx4NCTPcra2t1hYXOYLv/gNfPITH2E8HvJFX/rlbI9GBNtyR5pwa9FhoBQhBLSUKO/ooJg4h0ZgtKL2MQHDSBkD7QPgBaULNM5jNKxaxxvn5/nS5S6fPL9Fogw7TUOhNMELUgTrtmaxo+l3Mirnuby+QxIkzvnoI1tW06Gjz3t3ELN6cIabiBkRzrBn8N6/wFw5PK816gkk1tGXghJLGUAgqSarjIaX6Mzvp8AyHF/i8ubWtTuWBvGOj0RZhLzBKe0dIimge+jqRVvDbdrJEDNYYizBJJqq3MYLh0kPYkJK6kqulJeZNGO6aZf/GTw23GI+KTiWdjnTlDhvCWi0UgQsEkGSGDbbCfVoguso3vrFX85H/uj9/Jdffzd33HUPR46dZDTcIYTAwaPHcc7xh7//uwQ8X/xlX4VOErY3NvGF5FC3w5JU9JTChYBC4KQgkwplPc45lIRgBUPrsd7hgO3Wst1aNm2LFp7GBQ5nKff0OpwaljzVjFBGktca21iEjJZti4kiMZ7HVzboqFj1bg5rDi33aazl/OU1qqZ50dcmTOlwNiwzw83AjAhn2DNcG5bZXeyeXwMIKWnHOzQTQ4uhDS2pNoBHh5JmuELWnUOZmp/+5Z/kL3zdt1+7cTYfv/4E+MU/+A+0wSG1orUlQiV0kpRWWFq3RWLm6eddLq2d592f+yDf+bo/9T/83D9z+RwfPvME+7sFuUk4geFis8PIW6TU0dPaeeaTnEf8mLdUFXoTbDflTW/9Mp56/FHOnjnFuTOnyfMcIQV1VWGt5cDBQ9z5sleSJCnD1Q3wgaaTcizrYGygYzSNsxRS0niovaOrBY2M1ZoXAqN0nDRVCusb2hAQWkJwCBdoHXxudRNXt7ggwUPPJJypSo6kOcfSnEFqSFPFE1tbLOucpTxhoa/x3iGDJNPqReu+OCwzpcLZsMwMNwEzIpxhjxFTDF58vRMQGtraU1uJkQlid79KSnzTYl3DkYOHeOSRh/iLP/xN/JMf/mnm+gt/4kfxr3/z3/CrH343hw/dylBnmDogmKZABB8nSt0OSkgGg4P8wO/+PPO9Rb7+ntf/iY/1iYvP8ad/7V+QS8HRfIFR67k167DhanaEI4SAkhobAvNBcyVp+QV/gW+o99Pbsiijed2d9/GKw7eyubnGZDLGh0CWF/Tm5+n1B4zLksn2GKslm0sa3RMsBkGrJAZBP0mw3pMp2GwsQoAWAS9i1a2IVVkdGsoQGDuP83GYRgtB6zzaQJIptnZaDiYZl+qSuW7O3d0+eZCcGk7YaBSZgpFvKEcWrxN6riILggMH50jMiy85s8boDDcTMyKcYW8hYvvr+ZXhLgIkKcGArBwy1QRvQSiMMVhvaZqSVEnuvOMgv/n+X+Py1mVedue9dLOCJOnifUN/sATaUDdjhAhY52i95pb9t7ExXuPdn3ovT559jntvew2bdoRAMCh6DP2YVKckQrHtU7yzeOHo9xbZakq+4Rf/Ll93z5u4a/koRVLg8aQ6wyhN62BsJ9hgEUohUcwnKae2N/iFxz/BsBxz6+JhFqXCS6hcw8AkrDcWIwPgUCgEniMYThc1/1FdYGkkOWx6NGGTqitI5gYkMhK/QaKsRbgtio5E9BS6k5H3DT0vyFWcjPXBoYXBC9BS0Tcpk7YhEQovHE6CFAGBZ6e1VMFT46ZtSoFQnjcsFCQ28NH1ks3Won3FojHcmhboILgynpCIgHLQUYZUxNzhUVOBTunnhiDA3aj1OfPcnuEmYkaEM+w5bvjpP0DlAoUR6CLumuEC3tfRdSYFJQyaLiEZcsuxJZ6++Bwfe+IB2vGEnRKKIurYO0VC6S1WGcqyxk/grjvvpd/rUYfAyf2H2HAl63WJFYGFvGBegdCSsexAbRByglCxUjrUzdhOUt77+Ed472MBrAOTQtNC3o+PXzqyrEtlbQyxtZJBf4GlbsFi0aHyNafqIUfSnFVXc0dWcMVaPI5AIJkOE/VUwknnyHqGzqFFPrSxyqQaIbMuRrYoqVlUCb4sGeSGrjbMaVhUCV2hyZ1AyygNEYANgtIHUqUJHrKpB6n1LdJHEtQiDhRpISmUwEvBWgg01qHwtC6wVVkKITiSKnYay12DeW7pZQTj+OSpmpG3DBKFCIGmDRRaomQU6OtMYYVA3ki6HEDMiHCGm4QZEc6wt9hVNQCft0coBNY7Ji04GwjCY30gNR0KAUJWSC1jhWcdSdohEw0L84v8qa/7TnIso3rMxvYllE7p5j3m99/CxbWLWOfJOwPOn32Wfm8fVmywYwMjUZMnCcG2CBWY+IZtGnSiMSphXFmCE7TCUySKxW6Xr7n7jSwWc6yVI8q2pfQOrxSLRYfD+QKVdQgteHjlEme3Vsm1pMbiWhi6BihwSjMSkuNFwaVqxCQoMqXJhEAJgXSWN+y7k9uWjpLbR1nedxsHij5aS4aNZVRPOHaoj20alAh0ZMJilmPbknNbq0ihsUGRKkUKtD7sdqVx3qFlwDqJUQk2NATREETUFsaGNNQ4CI5R4zk7qumGwMEk4WCacGo8ZqstaUTCpC5Z7qYcll0265ph46KQPlckQiECtE1LN8tJTPLi58XU7WA2LDPDzcCMCGfYW7zEYieILdOJ0zSto/ATGtPDyhzTjpAq0NENbTvGN4FE5nTSlNHOGXIt6ebLLC8d5MDSQebnF9BSc3blWV518k5ef9fr+eRzD/PwqYe5PHySTjbPnYv3kE4u8tz4OYzQTGwLSYZCoURDoQUiS2glxERbUErTz3vkScqdnXlOzi3x9NZlDvUOkijJJy8/Rzcp2KlHHJ+bY2uygxIWawOZEjTSshka5mXKxLfsU4Ii67DaTiAEcqkxCLI0Y1zXbFUTvv62V9LLe5zdXEN5x5xQzC8skYjYTM2kxDnLgf48tm1Y29nGC5BSIYUgeI8URNszHxjbaBSgpER6KAOEIGg8tK1ny1tWg0cDpff0EkVmBKNxg8JilCdXgpqW/3z6DIsI7l2Yw9oGC/jgSbTETqUSCs18ltPPM/yN+p8hyjZmwzIz3AzMiHCGvUW4sSRPAI2HLppcWZQPDFxNPR4zUQKsxPsJc50+PlgqO2aQL2Dm9nH+zFOslg3b1QVOHjqJOidZ3VmlbScokXLq4rOsTzY5P3yWtH8AN9nmvDrFgf6trDRblM0aEyAPhr7poBjjrCXRhiKX1D7uUXYKzycvPcraqGS+02O5M6B0LUe7l2id4EK5TS/JuDjZhiCohaMnor3ZJhMaYMc7jmrJokmovMUIyZEkZ7MtEQhSpciEwrqGcrLDI1srWB9onOVAMYcKUFUlZV2TSLjvyB1ILXjk3DMUOiVRCkegdRYhJUYJtBd47zFSYaTCB48nMHF1nDJ10V6t8p5ta2naFtU6qtazr5vivOPUpMbZlic2HW85eICjecq4rLhlrsPFnS3KVrKcD0i0ZDk3CCnRUuCsY6eqGVUl3rUveXrMiHCGm4EZEc6wZxBCTIciruURXg8fAmgTkw9sAJOiXIN2HicThA+UtSVJLB2jsE5gXY1OUk6fe4ClhdvZUvP8/gO/T0/ndDodTJZQNY5nP/kbLC8e5LalW1i3ljZ4VrbPUyT7uXXhlTy1/WlCaLBoVIBUaazwZNrQyoSOTlhrhigZuDzaIlM5F8ZrnBpeQQnDo2sX2Jf26Jgu57Y34jSmjFVZz6QsmIKtpkKhSYUkkZbWGzI0XtSMg6Bnukym1ZtUktFki6fGmyASciVJpeRS3aClovaOXCkyoXnwwjNoYDIZYYSkkyYoBE0IWO+QQhJClKzHKk1QWovEUdmWqg1MmprGNuzgmbiYEjH2DcF5VnfGVFpQhUhiw7LlynjCy5e7fMuBW7CuZb2X8uSlMYl0LA9yAgEPaCExCTTW0lQN8kY8J6YJFLPW6Aw3ATMinGHP8N9b5KLO0NEGQfCG4FuixFtMjbZje3JnsoNNDEWeoKTGqYBoGrY3znL4ljdQ+ov4yZg8i4nwnQS6oUS5CUfn7mdBeNaHZxChw+PDM3z1vjfSS1/Jh1cfpQ0NLkxASLrKkGvJ2Fmcg57OGPmKTiJpsRxKFuKCHwIdpVESulrR14tsuZqxFKgA4+DJtOYWeux4iw+BofccTDUKUDaldS1CxA8DBoHygYW0S6YU1gcSIbE+YKQgkYogNK0LZEqyNlwjFZK5tIvzYK0nURIhoPEuZhOyG3UUHXQq2+C9w/rAqKnRCIILTFqHby3CWryzCO/Yri1bwXPvgf1MWks5sWzVEy5t72DbQDfR9FSX+w5nbJc1EkHj4+viRWyjLnQL5rpdBDewWHuBGfsMM+wlZkQ4w55CvMS/AhJsTVtOyJIlBt0lnCtp2glVVeJDIFEG4T3BOmzbMhE1eZaR9+cZDYc02+d49eF7eeLSI1TWoXGkOk5Rjus1tsbn+YLjX8xD5TrbeA50upwanuJ4p2BgEi76gJSOYSi5Mz9OpgznqzW2g+TefBmcx8lIzzI0fEX/dloRqGl5rt5gvR1xW77IAoZHG0+uNN5bEJ4DWU63rai8Y631COFJpMZ4RRKgDQ37Ek0IAi0MidAUUlIDWgjwHhlE3BcUkrFwBO/pm4zWO6xvCQEaB8FLPJIQPISAdR4bLFJovIBUCoatp2lrmjaghCJFIX0DzqG9J2kd1rYYARPfoqxjWSdcyAAJD15YBbXD/jRjMU941ZF9bE9qJtbSSTRShmkor6ZXFLTBM2mqzzsnrnJgYGY4OsNNwYwIZ9hjXBOMvbBCFASy/n7aZEQpBD2TooNHZgkhTanKCd3+AUK5gvIThAtUdYMRBjPQ6JBzZf1Jlpe/lpOHX83Dz7wPoedRSQ4C+t2CsnmWpy4L5gaHGI+3aRiyPhlSqIPsz3N2WslqO6ELtKFiWRS8ujjMc80V8A2H0i61C7RKUNuGM9U6t/b3sU93yXTCc/UmNniOZx1cqAmhpRKCs80In6TkwpNJwaJRjH1NrgxBeOYSzY61FMpAEHh09AvHkEiBDC1GSyoPLnhCkMyZhNp5UqGphSdgMTKK363zSCkI3hIQSAHeBoR0MYmDgMBhbcBaz0pTMfYwri2+aXHWQmtxjUWogAGeWlkh8YGQSEgz+t2c9WrC6Z0SS4ePnYup9EtZRuMDsQ/qcCGwXdV024Ybd0bF1GZthhn2HrM8whn2FNcvdp83GBEcQRjywTKuHnN+41m2mks01RWEq+hlKdLvoIUHqQhKYCQEX1GORqSmQ6834LHzH6BrCr7g5JtZ7s5hbYUHup1l5ouMS6PHubDzLAvdBbb9CBs2EThu693BQZ3RVzBveuTaMPJjFkPgrqxgK2zT8YpX5EfJheBgljOWJZtuyLPVRS7ZdQ4lHayAc03NwaRgX1KwlORkUkS9njJx31Ab2hBwCBIhyYRioAsQijltyCSkSiGRFNMBl1wmdJQilTJWkkKjhKT1LTr4OIiEQiuJwxNwV9ujtbUE7/G+xQVL6zwSydCCDYHNtuHB0YiNssI2LZV1lE1L4zxp0uXA4ABOaC6tXkaWllQm3DK3yKH+gIW8x758QGE0gzwjSxTKBKy3SKAhMGoqBAGjzeedE7sWa4LoIDTDDHuNWUU4w55BiN2MgRsL6uvRJh1xmE7WZ8dt0gZLpjXSVajQgFcI6bEeDB4jIEiBay1ODcm6S0y2L7Cx9iT33PU19Laf4sLWk4x8SaYPsL/TI8inOVddISlzjuZLrDSXWLErLPgFjubzCFkhRMGiWeTWziE2qnUaCR3RMg6O4/kcQU7Y8iWp6bLldtifFAwbz6af0DcJm9ZSioZMGhLnuC3t0AZPVxsm1uMDJCLQek+qFAHIpaYMDVJKBkICHkGLZBoFFaAQGk+UJXgHUjgaHN5LrPcIadFKRt9W5wgBfBC44EFEYXwQDY1tCS1oV7PqHBPAuoD0jjY4XNVQt56lwYDlziK9oFnsK7azLnNZigywutOwlHRYHsQPN7nUzHVSAp7WWowQJDLuVaZGEULUML7I2z7DDDcVMyKc4Sbi8y3WZJZBOkeWWtrxiNakODGhkyQI7wjeok2CFgnVeIjJNC7EwFdvG+pqkwNzA7bHz/D4mfez1DvEUn+Zol2nko6RayiyPgMmbE6eJle3IGWKQ6Cl54BMEH7Apt9hvX6WBZOzXMxzpdrgtnQJQcKT42eZS3u0MsHjWLVDDqYD9mcpl5oxmpZcRmszASzqlFYIhrYil5okkZRtixIBLQWZ1DSuQUnBnMiw3kfZgQOLJ0GBD3iiJykh4PDRbYdYIbZ4BHEfEK9RKKx3BB+AMG2nAg5GVclaa2lctFR7smzYsQ7lW+rgsLahGo24a+kor9h3gJ2yoW1B6i4H03l6mWfYDmnx7HhBV0JXKcDjnKVIFVKomGUsiPFPQiFkDP19IcT0f9F6b0aLM+w9ZkQ4w95jdzF8wZoXEKTK4dsVquDoL9xJowOTnccZNRUdo0F6gpcs9LpUnQ7leAtBiwgCJzWiqTEZdPOceucxJklD0d1PU9UQGsZ+iNSChaTHWNWMmlMsZ0dpRMul+gLH00VyCY1QVMHxwPAhbld30tcZ6+0W3WSOiXOsOsEgGdCTCcNguWwnnEgXWdCBbT+iqwsIcS9OSkiEpFCGsffkSjKfJJTW40JASwUkhBDIlcEGhxCeIKd6wODRSEJw2BBQQUCwcaI2xP2/REqUMFRtTesdIXhEgCZ48J7WeirXIH3A28ClseOCbSiDZ3VcI4PHOY+rKprJiCA82kiE8xjnKe1uhFaL9pq75+ZpvGW7joSeG1jud5jYWA0mUqAMSC1RRsftQnFjEelVX9OZjnCGm4AZEc6w99j91P+CRS8ISeEb7GSdJDmEyFPG1nLy1i+h3HqG8egKy4ODiKbE2w3y3gCTHqSabMSA2XaC8pJqYvG5RCQwGj7Jge4h6nQ/m+NTdPMOKumSyD6q3SKxDm+vEJJ5zjUak87R1QZaRWaWQDSst2OOFos0zTYj7+gnKaW3+FChZM6t+RJX2m223ZgT6RLnWknjW6TwaJEQgscjSIWiQSCDJ5UpaEvjHQTIlKJ1kWyMjHFFUjmsa2l8rAS1lDEYQ3hCCPhgsQFSqVEIJral9RbnAl5EjeGwrWinxuW19VR1w9DCxbbmbOXQriU0DbXzBOewZUldNXRNzvkr57myscJcPs9SOk8WIDExDWSQJSglkQGQAZXEIR28o3YeYzRGBYSauqfttsVv6Lkd/5tVhDPcDMyIcIY9w7VF7sUXu0CAYFnOF0mKZU5vn8JOVnD6bhYO3IpdE3RkSm/fHCsXL7N96SkG++9iYbCI0QrbSJpyjBACKQPeG7yGM2uf4vC+15LruxjVj+B9TRALJGlBmwiaNubvLSrDuC45MXecbuhTOujojIndJg+al3dv53S7igWMgjKM2fGGTBcUUoHwZEqy4HOuBEcqQaNJZIxCagLoEMiRCKBQCQpH4y1GqjgdikCr6AIjQ6CcVoAK4u+EpAotNnhCiBWl8wKPZ1QOCd6jpGHiHBVRCzhpKoIAZSWXKsup2lJ6i2yjg4y1FtvGfwvr0B6E97R1y7CuyFSGSzpMgkRag3NQt7CUKxa7BhEsrfBMbEuuPEFonBA0zpJJQapACokS+iWlgrOp0RluFmZEOMOe4Vrb60bDMoJiMI9iyObOKbpKoLIul9eeoajX6PTmaNpNyvGQfQfuwGxcYLJ9hqI/QMmUoDx5YWhah1ZTAbrJaWXLxfXPcvLwm8h697O6/RhjRiR6QK4KgsigqWjcmKBylFR0RZeJXyNTBVqkKCz70n2MZcWOLZEyiwKE4NEhkElDGRoutGscM0t4KalpMD6m/WkVyay2LuolY81HIqHxFoKirzMaHwdcAgItNKmIe3w+RC2hmwr4d31ZIRqV123MGGx93GcrbUvwnlTFoZpJ3RCCYsNaVm1D5gLSWpxtqZsGX7ckzoNtMRISGfBGoa3jrrk+t+8f8PTakNB4RAhMSocrFMtdTWsDPhhq53BekIm4XygQKCGnYn1PwP93W5+z1ugMNwMzIpxhT/FS65x3Laa7QP/QEpNnnuT2W96ETgvOnn4UX25R+ZqiUJTlhCAGLC0tsLFqqeoatEBIhxS7DjUBnQoknrksZ1wPOb32AQ7vfyN3LX8lyIYdu87IDhHSQggMGZGbgiaMKV2UH4z8iFwpxqGkwTGQGbUco6RGBIejQVOgVErtYobflquY0xkjK6duchKQpEoigsIHhxJRZieFRIoYiyuFIJUm7vER26mJUJSuBgltiPcliO4wbQi0rgViIocLASElVduSqEATHI2P198sG9oQ0y1cVTKqLcqBty1NPSFMJigH83nG1njIPQeOcksxwArPm247jkFiqpYrpSUxHm0cSmg6eYb1CUYIvHe0DhpnaawFCUIKghBkSmOUvOFnICFAhBkJznBzMCPCGfYUL9n8Epp2+xTBLqDTAmlSjHTMdQ2+O8/OeAVIkEWXSbWK9prMFEyahtZW5IlGiECWK6Q2WFeD93hryZIunpqt7Y9j5l7Hkf4r8U2s4gbpPJ18joXQEmQGMkFKQeqjg0yqC7aqNbbaDbSM1VguBKlMmPiGMtSkQjPQOQLFyLd0yVgyGVu+pvUeKQQahTGKxkUZgUAghCSVhuChCpZcGkKI1xchoKfyAxdABq7Wkrt1pSK6xgiiMN55S+scWhpE0AzrBhUCQkm265attsSXE0QrqG3NuG5x9RhRV0xqeMvhfdxyYj8roxEHBhkvO3achW6H7eGY5YFm4lpQgV4nQcqYYn9wYTG2Y5sSa2uGkwlegJJA2M2bCCghpzR+g/NixoMz3CTMiHCGvcX1eYQvdJYREo3FlWsoaVg5/wl0UWCSFElDTy+wNbmEGQ/pJ12QniQpGTaO4ED4QJoS2SJJSVROVW3hgkcJQaZzUm0ZN6d4fLNCqQSTZgSlWDZL7NRDzjUbLKmERam50g5JRELlG7RJGJgOozAhkQkSE1PfJWihkCGQyASPQMooe5ASUnRMrRcCHyxGKIw0iOm0p5ZTapv6jAYCmdK0PrYSvXAopWmsxXvw2Kk2MCBCwHlJFFYEpIgJEkoGNsclUiYYBASBUZK1esLaZIJyjtZ62qbGjScwmaC15NDCHMcWlnnFgTkOj8cszC+y1O1jvWdY12zWDat1RSoDTVuwuNxFiEBwik6nR6IN43JEk7n4OgiJFx6siwTd7so5bnRuzPYIZ7g5mNk4zLC3EC81GRiQWqFNSpoLrNvB7mzQjtcZlmvsNCMGS/fSn7uV2o6YVJ6gNP1BBs7jG4tGoiXYapNBPsehfSfxpkYZgTAShCbVLYncZq4YIKXC2wqCp5t2UdIxadY5kCwQhKGrEryAIMH6mqVkCS0lrWtIhGQhmUMh8KFFS8ilRAuBlCbqAdHM6RQlYhyFQpMIhZYKHyQEcD6S5m5KRIK+qrdzwaGQaCTOt/jgAE/wFustNrS0wSGEIFMGJQRV4xk3FdZa2iC4Uu5Q2YrGVpSTGltZbNvSVhZpLdQlfjTkxPIyQiQ8t1Vzx5GTnFw8QJZ2qduanfEI6xzdLEPiCa5kodujk6Rsj7domirKX3TGIOvRzRPSVJOlGWmeYoyBEAjev8i7zqwknOGmYlYRzrDHCC85EOGIQvREBNKiINSCysUKw4iSxFvmeyfZFg22WmdzXJOYwIF9S4yrMRvVBt3CUCRd6tFpXLGfuf5JRpNnSfUSGoVzJWlagN0G78h0Md2TCxzvHGVUj9i2Y05mh1hvr8R8P58wdCMK0aOQHSa+RODQQpObnNpX2ODQUpIpgwkKLQMuxKGXgMUFGQXyUpEojQuWAChihZdKFT1BCSRS0xCwViKDw0hJ7TwugEIAcWo0/mjRygAKaSW2cXjn2alHNEpysRzTtoGqrGmqGoXAeo9tSmRZIcoSNxyyvj1kPL/MgbRPNy9QKkEAC/15rHN4v4YRHpEbUiOoWksv64AoGZYjjFakOiWXOUF4yik5olJ0IunkOUKplzw3ZpjhZmBGhDPsGf44E4GtD6AlRnpq55hoTRASgURI2Nx+nOBWKTpziKTLZHuVces5UCyyNL+fYO9iLk0ZjR5BaEUjHUvpHSykB9ipH0InGiUGCFJ8KDHKYENN68cYXZAJiTcJZ5o17iiOkesULwRt8DgJtW8oVB71egRC8BQqB2JFh1CkaARxDzCVEhemxOZjFqAkSgWMBAgoZLRNCz4Sx3Q/0QYx9eHcdV8RiODj7qBQtMEC0Xc0+EDdWlpnGTclzsHQOlZry0Yr2FwbQeMIracMDcI5RKjxkwmybnFCsbZVcmJhHwtasjEaszyQSJmRmR4H5iXSQS8ZUTYNQQg2hjsUaUo367C2s04375LkKd57CtlFCIG1LUIqpFTkeYFWn7/kiOt+mk2NznAzMCPCGfYUzxNVv2DRE4ANUFqPttFRc6dt0QQ6qcQJAVKzPVnDMUJoSW/xOIuDE/Rlh24YIpNApziGVFuM6gsUumZj/DkOLr2FNH09l0cPkCQGI7tIlaCTLon3hGARImDx5ElB5SzjMGHRzLHtJiiT0YSS2lWkKsWYFFDY0NIXHYSSlK5CTvf79JS8jdQI76KEQEZCDQiUUCAE1sf9QxHi1KUTEq2izyghEqab/iyCIoTYWvZ+OnyjJFUTGNcltfeUwSGEY7Udc2YiGU4s3lqayYTWBzwNjMaE2iJCTQgWF1oOvfxOXnPsbmQFsuum8oyA8w7nPd4HdKJYmutSVjWth+BaJk3NfG9AZlK8c7SuiS3QAEXSxcoaT0AKTWpy9EtUhDMSnOFmYbZHOMPe4iU8t6PhpCd4x6j1tA6MUSSpQYdAkkikVgSv8TbQ2EAIDm+3UaKlyOdYK5/m2Y3fQafzZGlBY2ucGHNu47cRYsCx5T9NYLrPFVoEkjSZJzEp3lsS1UFLjZCWDTci1T2UMBiR0FVz01lNT0dlV8micg0dmZGpLA7FiIASAjVNnDJSY6QikzpWSdNna6RGSx2JAhlDfkWIWsHpiySnr1cAggcZotjee0ciUoKF2rVs1RO2yjFNC0MPp4YTVteHVFvr7Kxv0jQ1TVsRmho5mcC4xE8swbdQZLzmjlfw2luPg3IUuUYpGJYNrW2xtsYHj9IGlCBJDf1OztJggHAxFzLPOrjgaJoaozOSJCNJcrROkEJjlCExSax4b4iZ1+gMNwczIpxhb/ESxspx8hGElgghsa0nCZ5UTi26AuhEIRNF4wPWtxAci0mPyxuf4XJ5nqR/kEkYM2yv0OnsJ0sEmdAMskU2q+cwsmC+dytBVBQmQQaPwGFMgdKRlFKpmdc5Wniq4OmaAYFAKjSZKhDSYER0uTFS09AS8PR0QSoSnPc0vsFIGWUTQsUEBqkopI6WayFKHpTQceoUQYB4+e5UqBQYpUlUtFdDBhpvCXicd7ShZuhKxvWYumlpy0DVNFwsLVtDj2wqvPe01Yh2PIThCMYVKPCiJoQGlvZx/P43cjhfZDycoDRULlA1FusstW2wzqKEIjEGrRVGa7IkJc0LwFPXFVor0jQFBEoZjE4BEDImYfipb4x40ff96qkxwww3BbPW6Ax7hhBeaKL1+Stf8I68GKBNit1ci+1BFXBS0FqHVKAzFR1OhECKlsoPGYuanbVPsn/pIEk2R12vUsmSLC2g3SHRGYIN1oYf45alr6DOllipnqaX5Eih406dEigcQkj6MsECdajYlyww9kOC8Aih8EAVPH3VoQoWS6DyNYmATKZIoah9Q+sD6TRfb7ft15GG4MM0izDWRzIwjVkKeO+nUgoH07QJF3yUUwjwwUZ/TzzjJgr4m9YhnacOnnOTlovjSTQdqDwuxCinUFYQFF55fDMmzTPuPnYbJ07ewSAd4KuardZRpBLnLUJK+pnEB4sPAWM0qczQQmFli3WOsp4QJGgZH2eedmiamqoeI6RAK4OYTvHK6YeCF3vPryfHWXt0hpuBGRHOsGf44+QRBvH/tPfm0ZZldZ3nZ+99hju++cV7MWbkRCaZZCYgCInYqJQuhwYUdSlOpc1qq7StHnRpW11dZa+utcqyq1Z1dVnVa1GtLV1qO5SitCJlKaigzIJAkkCSQ0wZES/iTXe+Z9j713/sc++7L4YEEvI9zNifXJF3Ovecfc6573zP77d/g4ZyjOQF0XyNMi+wOWAUyoCzDmJNXDMoEYq8z2Z2hdXVF/kamWxR5n2UiRi4IXXTYr79QobZOdIoRXSffnGGI417GbicQnaZixe9c1KETDISkxApH+5fuCHdMuJYuk6n7PoAGWWwlDiEmkrJsRilfSNabUiUT3/IbEGiY2IdkdnCi5421KMUKca+dox4oRTxlqhT3m6a3DJYZymsxTpbNa/VXiQF8rKgLAvqOmWrHPLIKOPSbgcyS2QVw1GGtUMiydCSUaJxuWVxZZG/94pX88DJu0m14rGNXc7lhnYc0Ywg1oo01jTqdYyO0GhMFGOIcFGKNWO2e9tYgWZax5gIpXwrrCwf0hvukkQpaVJHKYWJIt+CSfvlbnLqA4FDI7hGAwfO9Kb/ujZMQpLElEphi4IoMcStiLimkEijGzEu1QysJUoU9dSX7xqMt2nELebaq2wOLzGXnuDo4suRKMGqMUJMs3ESHdUxZp5OcZ6r2ZPEOkURM3RdYh0zHy/RTJYpnMOomMTUcQoGdkjpHO1ojrZuUlc1aqqGQmO0UNcRKO1Lu+Fz+hIdVbmCfv4vUr4VUSmOWGlqOvKWYOUynUSHJlpD1a3diqO0BVKUKGtxzpE7ReGEYZGjXUkvG7NTjrlQ5pzd6WBHIyhLyjKHcRfd62D7I6zSuGYK7Xne+LKv4bte8UrmGw1EadJU00oU7UQRG8NCI+XE4iqNWgujY0wc40vAGYyJMFFCbBKUEowxRDrCaIU4i7MWo01V5s6hdXWynfMn/CYWn5r+LxA4eIJFGDgEJm2Yrn9bR4JKNKIdOs8xNYOua5TzLrZxHDEaFzggbcSMCgWu5PL2I6wsnUaMsOOuYEthvfUyMtlmnF+madapp3ehiChsn2FxBadbqCglkyGlGxLplIV4jj4+mjMymnnTxIliu9xmPV2nFtXZLDZJlJkOWgGx8mJXOh9xGWlNS6eUIiiBuo4pgMz6fY+0IXLOR4Eqv7yvLOOt5sKVjIoxVvz6CmspqvlBEccoL8lKQVvH44MO58aWZDSiHI0Yjh1u3EOyMS6zxHMNGqunUc057lyo86rjt3NlkNEvR4yynN5ogHLQqjexzjLKSvqjEXGcEBlvzYEvCKBEiOOaX3aQU5YWpRWj8YDCljjnMCZCa43REcbE07nB0Hg38JVKEMLAwXPTnnSQKX/xrNUcov3cWBppIuv7utaNQtUjSucYOCGKNalLGdldxoXijpWv4+nuh7k0/Cwj51isn8REllwslJvMJUexJCRRSiNZZqfYRFSbHMB2cSjaUYtdO6QQR1MZREGkE7q2RzNqsJwsMbAjSilQynePr5sIoxLGUmKdEBtDTScMbYbDkShfTDuquknE2uBwjEtL7hx1E/tsQufTK5Q4rLVkYkGE3OWMioJYxxS5RTk4P+rQG43YGmWMe33G3QHlKMeNhlCMfd6ghmh+nfljt3MyafC1K02cUlzZ7dBIY8AyGg9Qqs5is4bSjt3ekK1eB2MMK3MLUAXyaKVAa4yJieIRsY6xriAvRjD2LtDYePHUylSuUG/tGhMRmaRyjd/g5xCKbgcOkeAaDRws6qYvAEvaaJO2lylUgY0UkdE4o3AGRMG8FhZjRRxrxDm01mSJpjAJ3fE5tNIsNe5hrnYHmYwYFbtE8To6WcZhUQoW66coXY4tuxhxaBVhdR1lUpyyDO2A1NSJdEJGAUpomAZKKXplH6NjalGTiZWkta5aDhkacZ1IG5/uIBCpiMmcn1ZqGjCiRWHQaI2v1ymC0ZoSwYnDicVhyW2OEkskCmeFUVEyLHMG5YiNPOdvNvucuzpgd6vDeDDEDkdQ5DDIsKLQS0vEK0exypDgu1Zs9TrEStFKGhxdPsIdqys0ja9WE+uIVi31c5zZmNKVGBP7bhvaYIx3kyodESc1dBURO2m7FEcJaVInjr3r1DnrK+AgaBPdPBimujkKFmPgMAgWYeDAuXmlUUPk+ug0BRODE7RRIII2UBiF6AhrfE+8ulIkWpFFCk1CQYfHd9/F6YWvY6l5F5ujz1G6DrmkRKqOiZcpEUQyavEyo7JLZGKM1sTaQNUOyegYhaJmWgzt0F+8ldDUKYWz7BYdGqZO3dSrHnv4bhBSYmViP4EoIVERuSsonQ+ooRK9UiyR0sRKoxXkzhJjQHw7pbEryWxJWQhOFeBKRIR+MWBYjjk7HnKuO6Lo9hlubCPjAUYJlIKLY6SWYlaP0zp6jHZ7gbZT3L9Y4+61OWITszg3h9YG5RyteoN6d0Be5BitcU5oNlIirSjyglqqMFVFGHFepFUl6K5KoFcaImNIkpQoTqdzgWoS+FNFws7GDU9ET828DlGjgcMgCGHgwNB64oCoLnZybTKFoixzsuE27XobcY6CjET7Lnwu0owBawxJWSLGoJTzbkkdI2LQyjIsc+5evA1nO2wXjlIylDRQukGuhbHrUY9W0fE8BQVm0hnC1PAxkr4PoCDUTR1f1xMSXUNpS2aHPs0jrlf5fKXPG1ST5rm+vZJREYgQaUPpShKVohGs8ll1UtUNdfj8wcI66tqQ2YJRllEUOVY0nWKELhxaFLv5kMeGXa4OSsadAaPdTSiGmMEQbIarLRGfuh2tNcsLx1lsNzE2p4Ei1jFJlLC2uIgTQ5ZnXN3dZHc4YGFunrl6irWOODK06y3SOCGOvAUok2bA+KAYnMWVGeNxH2NitI7QifZiL4K1BVpHREl98q39VYVugFKhxFrgcAhCGDgw9txeMq2dOYtCgYOyP2BY5D7NQIHzrRkwQM1ERFETbTIKN0IbRYrCaE2k20DCzvgy2hWcmruHcacgNpqCDEWNQqWIqeGkJDI1ND6H0AJiLTaq0hkU1QXcEKmITAoyyYhVQjNqk4sPXomUJsFgTEruClJiYh3jxLs4lVJERMQmwiiDtQURGgFyfO1RqerV2LKkiGJfR9uNGbmc3nhA4UqKXLOdZTw22OXi9i5uZ0C2s4Xq9lBWgwGJW+ilIzTnT/DA2nFOK2E3yyBOcKbg0xtd+t0xr32RYaXdZpyPyApLzaQszc/7zhXZGC0lWimajZYXbPA1TpWqCiI430nDJCRRgtIR4F3EVixipUqFsV40lca50luPM0o4ET2Z/X9wjQYOgSCEgQPnxmnVIFjm5tdZPtKmu5tTyAba9ZB4HmNiUteEqI5K5omUIlI5JQO0HaFIqcUxsU4ZFwM+tf0+XnrkG1htrNNzPYQU56/PlIDWESDUdNu3McKRaMXY5pQqItaOWNcQ8csbE5PZgjRKMTqmFMFiSUmItSGXghKHRYimZbUdmmgqiBp8N3pxlNNibf5RCwylpJeNaOuERCVkeYfzuxt0Skepazy1dZWdK9tkGwOsdehRB4oRTjeRuTaqfYLm2m3EUQ3GJfPNlFqkODpXY2s85IIdsDN2PHW5w1zNHw8TxUQaalFEaSfdMBTKOYrCC1ccG5w2PqCg6pvonCWKYpKkRl5kKAVlMfZznVU5Na2Tyt0JxiSUZY612Q1/D4HAYRKEMHCg7F30hGvlUAG7+TYnkxUeOvIQVltG5SabozNk+WUa9ePkElG6MUncoBCFjhYQXSN3BTURGiaiGa8zyDrs5LucnLuPxzofRxBKRmjRlE4xUpaG8UWztUp80rsURMrg0FWniILUJIhzGGJioxnajARHzSQUrmTsMqKowWK0gFY9Rm5UzS/GZK6gFOutPef21RRVytcN1WhEIJccKxndbEDfxUiZkWUDjqUplpyP90eMsyFud5ey10clPt0CM4esrmGWjzDXOsqL548SF8KoyLk8VBxLa2AVLRLWY0e7YYhixWZ36EfiHGiFtRZbFhitiKqaoM464jj29VytQlXWqqqCX5Qy2NJSFAWRcRSAiKpuMsDZ0qdcOF9qzVTRpNNfwD7rTyEEazBwOAQhDBww6pp/+z9TCjZ3H6Wb73D32sMs1I6RlbsgJQM3RhDa2nCkfhdDN2IpWSIyMU8Pn0AoieMVDJZ6Oubc8FOstE5yT/shPtv/FLlkKJWgdIOMEgMkVTK7QZMqH+ShqVEg5E4wCtKq83ysE7SylFJQp0bTNBk5n4+X6pRW1EAKoZCCGEOsIkY2Q5Sa5hhacb458cxeZ1WyPNZyZdDl0zu7ZNax2b/MmmmyUm/R7W5RJA1GSQyNGOoNcAnx4gmaC0eI4zpzqsHRMuaOhYiOdTinmYsiwKIsLMQpjRh0Cb1hTqOuq0jWyM/xKUuE9aXRdNUOKk4RV+JciXZmJvLTC5dRynfcQKOVRqkqoKbKeYyUxrkxpQLUIkrvCaG6zjUeCBwOQQgDB4avvHLzu34FoGM6dc2oc4anzz9BPdWcaJxgvnaKEZpRsYkxmn65SytuUSdiKV3l/qUH+EznUXaLLRZrq0TmOL38Ek90/prb2g+x3jjB08Oz+AQCR1M3EWtxRki1D4jRSuNLcFuMMhidABpBU4tqlK6gbmqULiJ3JbGJqesaAxnSLwe0TJNUJyCKzJVoUVWFGLBSUJQFkfb95o3WZHlGZ9wjU4JYR0zCxzYv8f6nn+Ku+XXum1/nfK/PUpnxuiPH6NfaPEWTz8x1mG+vMxwKq/PLPDi3xLwolFWsphEr7ZhTTcNgIJS5JSsdJlW+wLhTFIVQS6vybqrq7TtpB4UGJzhXoIwXQluCzccAiDifGF91mo/imNgWoAzOaZQTRqMu1tVI0joiY3/LoxRFnmGtve68T30DIVgmcEgEIQwcKNNw+pvMEmbk3L50L1v9pzmRHmex3eJC93MU2RUW0hVq6QIFJZ38AoOyjdQUnd6YMXCktkq/2KQoS47UT5HqmGG2w8XRU8ylK6ynJ7mab2LFoVWMNnVyl2FcTqoTrAhKxWjl8wARhzIxFnynC6UppCDRKZkrGNoxNVMjVT44JnM5qUlwTpFLjsOnSFiBUizNehspc5SAEajV2qSNBueunmdUDnlsp8NYNVirt9jt7nLf0Tv4rlP3cefyacCy3dnmifo6797q0xdwzYJa5nhJIyHGsNkrmI8dcaRZmWvRSsYMhsIgi5DSIdZXiRHjuxxGJvG3BVXgj99v3+8wNhFJlDJJgtDap5Y4Z8kzX/HGKFA6xpgU63y3isJalBbs0Jdbq9dbxHGtatKb+15SN/xdhO4TgcMjCGHgYFHTrrzXfVRimU9i7qyd4MXHX4WhJJcuteV1trJLpAiiCkRF1GgT6TojKVhOVxjbPoWLqJtlusUmZniO1fpx8kgoyOhmm0Q6pRXPUWLJUb7mp2miEEpfEtuXR0OjqooySnnxLqVEE6MmYmhiSlcythmxiqZBJKVz03XYSvCLImOxvcgL73gRW9tX+dSZT7Az7PFdr/luVhZX+b33/C7/4UPv5HOl4u+/6g1c3DrP2z/0p9yzeJJ7jpwmTZcYjLdZWTpBvdZF9NM8uVOw1G4yysaIlLQaCaMiZ1iUrEZ1xEGaJj59IzYMRjnWQhorlEjVSQPSKCGzGUZr0jjF2hKtNElSJ47TaUSn0nqa5yfivLtUGx89Gse4zILLsVJiMBilKbKhrygTJd4dLO6Gtz83C54KBA6KIISBA+bmri+HZTk+wrC/Q7e7izEF/SJnvX0PR5Nj9IvLOLHUoxq5EsQVlEUXG8+hTEwzahNJDYVinA3pcRUT1SktWCnJ7ZBGFNGK58nE4mxJbFKclORlST1OMWjKMic2NVrJHIUrsEqhVYoW33Ve8N+NMGSuwCmfDmLFIbagEdfQVf9EH1aSM87HbG1dIR9nKKt5fOc8f/bp9/Hy2x/iiatnef/VC2xc7fM7tWXuaC/wD+57Nfet3UUtbZPnY2LToFGfQ6M41e7i+j20MawtLTLIMlqpIl2o0x2OMc5RjAuSyNAwKUYyXCSUCupRTGx8XiOlI04immmNRr2FUYbhsIOJEpqNeWKT4JwFZaqKON7Vm8Y1ikLhxKFdlQ+pI1C+v6JSijRJsWWGzTIKkxHHvnuFnilmNQ2WCd7QwCEThDBwsMze+su1UaMKU6vTWFnk/ODjaOdYX/4qrKo6PIilEc0RJ7WqqwNAgihhwJBmNM98rUVUQmbrZGpMLXK0khZjl+HElzNzxlHXKYVorO+C64M6tCMyhiiOfP6c8c1xHQ6jBZSgqlJipbNESmGURqrWSQ4fITpiTGy8lSgi1Gsp3azHJ88/SitKaTdqnF48xp9/6i/5xGc+wOU8Z6mxAjXhQ099hvod93LiBS+mWw5wkuCMRSnDwA0ZuhIbxTQXE+IoYbHVZJCNGWYZaWxYqdX9XFsMVgkmMmhjiMUQY0ijlDg2pBJjnUCsiGs1VJowzkeMJKcZ15A4IpeSohxN3ZnikwOxqsRqXxfVGd8nEW0wiQbrpb80AiZGrGXshjipUxpXtZn6fD+MQOBgCUIYODAmZbluhiC0j7RZu/0I9eRrECVoFRFhMDpmjXsQ8cWfdfWeFxsf6DJwu2RqQKwjEpUAic/o04qUOqAwSvlGtcoLmRJfBca7/qDEVSH+wkB6VYAP5OTTgtGTCilF9f29SjmQoxCpqqRURaSVQJRGOISxFGgUxxrrrKyvIuJ4IYqvd4pIK6wCcULHCV36XM56UM3bybjq3rCgaCw2EYGeZLiGIhYf2Yr4FPi+WMACha9b0PAd462yaOX7GYpAn5JtGaNGW4g4VE3RkS3objGb7q6qojBT401XL6KZ91TVPWNaTMDnUzrJUGqAFWFEdqMTP115CJYJHAZBCAMHhsg1/eiuu+gJWiVEOkWZHF2V63IITnK0ilBaVxd8XxbNC5kXCq19WbRcbBXrqREU1pVovHvPV0dR+LXo6rmPdlRVITAnDn+lt3797LkFoZrmnAidzIjjZAnxFXL2BNKnhfgxS2VTCpFWOAwaRRRVKQnOUSpHrhy2quLipKrUMmNBO1F70Ztq5vgyE5BUiaIStReN4qOAqpFW63NU1q6qXLx77ZL0zVIcJvo/jX2ZzCbO1BJlpu2ShlE5xkp5/e9i8lMIIhg4JIIQBg6MSYf6yUX4+nJa/sJtRbDOoWTvO9NLcDUfN5GTSTAL+Ca3k/dcVdlFKV0Jg8MphXaqyuPzgTFKeaFV4nPqJhZJ1XhoOi4qkdzbmuwTP6kEczI6RFXrmFhp7PUbql7bav+tKN8GSiZlxqr1VyKjpTpeE8sQbwVPXctusv793/eHy7t0rxWsiWSp2beV49ppO3/zcm1Ai+x5tavPvfBeUy5t5hwrh0+duIlDYHIbEggcBkEIAwfMXtTojQwAEVVZO3vuRqkEzuIv7FNZVApTgMl9TpwXRTcVT41GKVcle1cypRQuFsrU+mXcJJfO4sQnhzMR3ypKcireAoNiSF7kMwI8+Wwqx1MRUVVn+kbSwOjIi8JUDPcOx571pvbEDMGUmjgz4GaERgQnMCkELjNWngBFYrGx2xNff1CvESDZJ4dKeUt0kPUpymLvO9edH9n3GEUxzbSJrpoKs08M3YwcemOvcGW13PXsE95A4IAJQhg4MERmL40ydSvuoao+BZUgqkpWJiJT1a2cSFA8dNhU0zuqceneGqjsvYm7D6q2QUqhS8Vcx9DoGYq6w2mZWomgfBJ8VVRz4nbVGLJyxLgYc2rxNCvNI5gqr66hFHNGEVddJPrO//NdGoTOcJcLW+dQStNKW1jnpvs6NRMnFt+0Jx/UBxHjesnlE13KuHKmyoy9NbOwVKvSOSxerVHvRoyb5VQ8r7HlJlvHl0nTDMd9siLn9NppVuZXfT7h1DS8cb6nc46t3iZPbTxBZCKatRbWWSaW/qzQTkrKFbao3M7XnnVmxhoIHDxBCAMHhlKzrkW4/srnL6BOfJiHcj54RE3ntYCqGkoyFAaLio0HNVlzz515s8o1wp6IxCWcejxl7VxK3nCVk7WqfCMzQS6VXZnZjNzm/J17voUHjr34unVfAPo+AJMHbrDts5tnePen/jPdUZdm0twTmYl1iKssYD/KxiDm6uqATz6wwaCeX3PMbpxtMNnrNDO84BOLHDnTYNwsKmNQ9iyu2S4PSpFlA0Qc/+Ur3sALT93/RZ/Tz1z4FO/40O/THXaop3WcyP5tINNo3dLam56f/b+RQOBgCUIYOARufrETAeuUv3hOC9BMLuRVk95SGNcU51+myWJLo1TsuB4DGbGul9Fork3dnq1sOo6FT99boIewdCUmbziUKHRlbepqUswLoWN3tMs33vOt+0RwIPCvN+ADQ+FcDjnQ1NDS8LK64ieOwOnYL3vbymm+6YFv4fc+/B8pdLxXeFomM2971nGSG3qtMR9++QXGytKyMYgfSyY5A4bk4t2XEREt1aCm0qnAjNKCT7z8Cl81WGNuMyGr+eCUqTzNtMJyDvqjHq9/1RuflQgC3HvifpwIv/3eX8NUdUhlKoaVPVhNRhauqLrV3+QXEUQwcEgEIQwcGHv9525uFUysQTcjgv5KqivL0GFGiu0T0I8LmiPNRdnmhFrnq/R9vL/4G+ZVi2eqV6IKRd4ouXh0yPzlNrb0kZeaar5Q8BGrKAqb007aPHjiJdPvf2wo/FePC4/nwrFIUdc+GGWsoCOKR3eFt/Y1v7gGb1rwKnB86STr80e5vHuJZtJkz8pT+9yXcWZ47M4OfZUxP0pRCkaSccVtsajmuMucYlktoFDsSpcz9mnOuqdZ0Qs0VYO00PTqORdv67FwaRlJqxxAmT3u/nGcj1ieW+ZFtz140/MhgPR6yKUNyrMbDD/6OeKXvYjWa182Xea+ky/iyMI6m90r1NNGtS2fT+hmtle6Enczi12CDgYOjyCEgQNjL7zf//9Gl0QnYJ34ZO8q9H/iNpxYM1oUo7igsJaNfMi6XuEXmj/Jop7nHw7+Fe/KP8id5iQWe9OxuNwxMBmjqI4qBdHVZVvPplcoxvmY+fYCqUkA+OwIXv9xS6wUdxvYGAqdmWjNCEX/pOY1n3yMn3/fgOi7X8J3t/w2W7U2eXGGRlyvlt/vKlYCpXIMkgxV3RFcdduUYvnO9Bt5bfwwd5qT+/bjvLvEnxUf5Pezd9NjyBG9jHIwTAqKuPSBNspV8677UxyyYszRpWM3dEeKtbjfeTt89BPY7SH51pDxUNE506XVXqb12v3LN+stzm+dJY79cXLTAKBqewoKWyLumfNIg2s0cBgEIQwcLGryP7mhg9QLIZUQ7kVRejPDW0+lOHJbUhQFF/MNvrP5jSzqeQB+qvYjPJo/zma+TVPXbzqMXDuKAkprUWqSSqB94EwV+KIUlLas5rj8aH/qUQtjaEbC+YEQAUYpjAhZFHPxGPzA29/O9z7y5/zs9/+P/NQjwqtfqjiaAALOVS2XYJqML5PkAQGHw9oSKRxb+Q4Wx8+1fpyXJS+64X6c1Ef5ofTbeYV5kP+5+2+4wlUaUQtrLaKc7ySh98/ZTYTQOltZvtcjgxHy1j9ANjqMFlfpJW0G7UU6d6yTrKxcv7z4OUArdmp9TtI4Jh3tS2dvHhU6/V0EAgdPEMLAIXCzEHqFFaGsLMJpooVUwSQ+XwBlDUVZkOUZqoDHsjPQ8MuumEW+3ryCtwx/k9PRiZtGluRYsrISQr33waQWpq4stbLqqgDwx5vwocuOU3U404FEgVZC5BxbjZT+AvzcW/81/8s7/y0P/Mw72WitI0/n/F9PJfyTe6ga3E6EcC9vbnJb4K1fhysdeZHTyTr808X/7qYiOMs90R3849aP8T9s/zN0HOOKuJqrc3sCOH2EiUA5ubHVrFAMV17AeEGw99+GPn2U5buOE22P6Y+L65Z3zougc357bppKIdP0EOvKzxMsE8JGA4dDEMLAITCxhK7HCZTOi+E0MdsxYxmCdkJeFozLMW3b4E97f8X5uR/kpFnn0fxxfrfzn1hkjrzIbiqEmbbkhfIh/wI4Na0rqqiCdVCU1qEqsfjDs+CGwlYOsfVe1FgJFySmdPBLv/0PefPb/jlv/Md/ySMn7+bkEzmtOvz1hoN7NKlyvlO9c178qrplk1R8KrG3peXKaIuvNvfxtbWX8YXyYHIPD0cv5k9GH2TV1qrKMwLazaQ07FmErvrvRhRXB2QPPsT8m19DvNSclhZwG32e+uATNzhvfr+sc9NgmYn1Z6v0idK5LyBPMFiFgYNHf+mrCAS+MFR14X/mYBnfyqgU5wXR+ioz/rmjsI7COfKy9BahhUvjDf6PzbcCUEjJZ4dP0s8HlGVJVmT+Xz7zWPrHvMh913hrKZ2ltKV/bi22et9ai8GXOev2YdEKo75gMiHKhUu9iLpxvOf//l7e/JZ/zv/65l/h9x74Gk48lVNkDj0Wzm06tkpoxeDEetGoyqOJmzw6RCwi3jW6ne1yT3T7F32M7zan6eY9bGmrmwfZEyZfrM4/EzdtsnsjigyyI8dJZ0QQoNPP6DSaNzhvzh8zZ7ETURQ3tRKtm1iLNxm4TGv0HM6PM3BLEyzCwIGi1N49//Xp9H5usHSCtROXGlWcjJvGy2invEWYjyG3rLPKL139bb61+Rq+ofUwv7j2T/ihsz/N7ekJFsw8Qzf07YN0Mq1sklGSF4aytL5ZbTU2XSXRO/Hu0dJa79IUkAxqBQzGgtLQLyHrFfzRt8d87cor+YP6Kj/3wA+zcqZElRZEUQqUCL0MTNWxQZxlUtlzrxDbXtGAsrQUec4oGX/RxzezGXmeUdhJ2sSMhaYm7sqqKo2TmwpTGdXo5o3r3o+bKbv16+denUzEdU943YwII35O8hldo8EYDBwSQQgDB8wko282gGMPK0JhvUUok5Ipkwu2VL3vrCYvcsbFGAqHUZqGTfmBJ36Sv3zhb/M9C9/GbtHlx8/+HFocx9JjlFJSSMnxZA0rljEF4yLyjXSrdSulpsn1unpeupLcOSKtyIcw6DkSgVxg66LjF14X8w3zht+857/n7/4daG6WNMkpq0a0qdYs1ISlBC6UUgXLyF6AjqhpoYGJu7iwOYmLeF/3o/zUkTd/UUf3/b2PYUpDXuZMrUG1N083TaOYFNa+SV6fJDH9qH3tuzzZFbZ07frlRXDOV5zZJ4IT4VVq+tlNCcZg4JAIrtHA4XCDi96kuW1ZuUKtdd4d6vx7k8dyxjWaFRnDfMQic+xkHV77qe/nfH6Jv7f6Jn719L/k65ov5z/e8W/51dP/kjW1zN/sPkJe5OR5Tl7mWPFBHqWzPjDGlf69yXNnGRUWUNzdgkFXaItw6fGSH3ip4WceTvin7y54078aEV/JOZLnuNzPJdYK6O461gzMxdDNHM5WQSpO8HWz/Tyef+0FKrM5iUt4/+5H+Q9X3/YFH9J37PwZf7L1XhpSIyuzmWO8J3yT2qSz6RQ3olSGHdeavv7k2Zyf/u0e/+hdJaObCWHl8t1vGVZuYHFVebWgdoGvPIJFGDgwphdi9go6X5s35pxQVPOB0zrOVbTopOGCqYJlsiJDVwGMOTnH9RpP9J/i4b/5dn73hW/h+1Zez/etvH667vfc/1v83Ln/nbduvI00TWgXse+IoEC0b/SrlMY3YfLOytJZCuutpu++H/6f9wm72/CK0xH/5+tS/v7vZLzl3Tmrq4qmc5SjKuCnhJPLms9dsXzT1/hKMlkxEcFJIyZVFfWukigqCzgvcob5kHma/OwT/xuLZp7XLb32GY/tn+1+gP/mc/+EuvINdrMymzG8Z0u6zZyDG5T3HG45/vr3LR/8sGb9JRMXqPDP/sTxh0/VKVol3xffIO9wRuz2IkWZKbk2Echn/o2EPMLAYRAswsCBsVdZZo9Zq2QvfcJWKRR7FmBpqyAaZ71FaPO9AJgiI6vE42R0nKeHl3j1R7+Df3HuLfu2vxjN8eNr309veJlxmZHZKljGuSpgRnyATPXaVgE0PsVAePAofMudhs6O42e/PuZNvzziLf9fxvEFRa2EYiCUA6EYCCfqsHHVcv+i5odeZvb21zqf5F5Zf0weJ8UGRDEqx/SyHpEzKAuv/+ib+OVLv3XDY/rY8Cn+pyf/BW/85I8yzAfUJKWX9xkWo8kWp27l2YM/6Vyh903MCe/4N45f/4WY934iopfsffJtL425+xR854s033F3fKOzO51/nVi507nCqmOGk88zP6hC94nA4RAswsCB8vnu+EvxjXWLyvybuvIE34SWKpimcGTlmKjcfy+Xk3PEHGG32OVnPvWT/Malt/Ffn/hBvmHxVXTKLj/y6E8TS4ItfUK+WMFp51s9VRVYfL3Mqiu7CHmRT1///BtSOl3hH7x1hNOK+09ptgeCFUgiaMSw2NRc3nRoBW/5vhpJ9VdW2LxyFfr0Cd8w1+y1XlJCJJqyKNktetRKgxao6wW28w7//sL/y69c/C1O108Rq5jL+RU+3v80V8YXWa0dpaWbdPIeu1GPolgmkYhMFahpg4v9Yqi1Jivyfcdv4S5FeYdj/Q7h4VdOzxo/8FLD6++HuTTiRlEtk1zL/c2D9wrGyqwlWnHtTRASLMLA4RCEMHDg3Oxip6iE0Ml+IazyCCfPrThqw5TM5kRldMNgwxp1aukdfGzrI/z45l8S145R2BxcwWK6xo5s0hwdIckjesmo6lfoc/v01G0JsY65tHuR3eEui81FllqKt/zdGj/6SyPe/5mSq12YayjqqSLLhWwonN2yvOg2w7/7kTr3HNsT6svbF4mjBCeuCsYBJbZqJqxQ4vvVr2Vz5MkufZsiYjkSr/Lvz/06j/ceARXxAfkrvGokNOJ5VuOjSOnolj1AM3SbLI/vpyEpHRns78Q0Y3ClUY0ru5fJy5wkSgDFN/6g5u5XOxZXFPPt/TcZc6nhRogIl3YuUYvrM2XV/MbcTLd7eYZQGZmKZiBw8AQhDBwYMuM6uxE+WEYoqsAYZkSQKrAEJwz0mJXdFZabC2wuXMLkDbTc2MufJEs4HEU5BDRR1GBHbxCN6rxw6yRjVWCrCFVNleRe+em0gkhHbPW2+M0P/Do/9tqfAGC+ofit/7bBX3wK3vERYWPX0Rv5knEnlzWveVDzHa/YP473PvJuzl89y+rcET+Xxv4mwL7uqGZH93n1+D7eHX2MC/FnwK2yO+4hLkNH82il98lJJgVZ2QHA4kBv0x4d47XDh+jp0bSI+P4aNv55Gqdsdq/wJx95J9/2yjdMz8Lp228seDfj7R98G5d3LrI6f8RbgdNSbsxMT9683+CkG9Vsz8VA4CAJQhg4MKaW4N6V7zpKcWRVpKiqAmSmHdar+TSHI3UJD1y4j89mMZvNLaxyz7htg7d4dOk4MlzhZVsvZD5r0I2HRG4ionupDMqbhwiw3FzhXZ/6UzSab3vJ61ibXyc2Ma+5H15zvwIMu31hvqn2dVCwztIddfnwZ9/Hn37sj2jX25XFJCDaNx6edmBSoBxDRiy7eX66/138Wu2P+bQ5wwiHSAzOIr5OSzXc6rhULxso7rD38wPjb2bVLXBF76DZE869noS+go1Csdhc5r2feDcillfe97UstpeqpsPPjHWWnf42f/HIu3nnX7+D5dbytG3VVPRmT/c+s/QGCMEiDBwaQQgDB8ZECP3D9RaCQpE7x8hZL4SAmrUKRVBVBP7AjEmLmPuffiH9uM9O2UFwaFE04hqRNoDPMRScfy2OpqqxULSJ0ezGfYzTWOXFRZTywlQJouCtRKMMS61l/vgT/4m/fvLDLDWXUEBsYpIooh5rjLJAhLUG5yap8tAf99jubrLYXCYx6TRiVKmJu3CiGc53vVCaDbaZy2r8RPlGzstFimQv0ETNHEtXiZlzDqMNNYk55o6AOK6aDgbN1ONY9Qn085J7245NxEJzkfd84t188smPU0vrvh2xVuRlTr3WnFaMmTT4teJLqe0OdrjS3WCxtUxkomqZKlR1YolOC8beXAvV7C8gzBEGDoEghIED52b3/QooRBi7iUXo0wqUiH/uqJ77K+xI54AjLhL+i5VXYFAkJuaprbN0+30W6i2fhpC26PQ7NJMaVixZkjPCoV3VLmgizMpbgBo1dUGKglLAiGJtbo1RPuTy7iXuXn8Bu/0dzl+9grOWFxx/IYNhl43dS8Qm4ejCMcb5EGtLltsrKDTWlb7DxUx05LVFxawraddaNObb9Add7m+8iO3tDWITo5SphEIwSlfRtCXNWov+uAda02GAjhRGtBc+BFEamKRsTLbr1yMiGG1YnV9jMOoTGYMIDLIB860FPnvuUaLYR4m263NkZeZL0YnDaM36/NHKtexm9mfP9qwmXme2eZNzr27sIQgEDoIghIED55mud67qPGEnOWeVCDIjgtr5nD8EXws0jrjv1N2ICO20yeLCHN2sjwaWGwuUzhJrw2JjgT9/7D1sdDZoJo2q3puDGYtp0p1+WnFF7V3cbSUazaTFnWt302ntcNfa3Sy1lhARBlmfl9zxcrJiTDNt8tTlx7m8c9GnSiipIk+dtz4BmOQs7mFtidaGu0/cy3DUZ769RG2+Na0GU5QlSZyw093k6NJRirIgL3MWkiPEUcwwGxKZmCcuPEaWjzGRqfRI45SbitG09ZNi6oJWSnFkfp3TR++kN+pyYvUUf/Hxd9FqtJhrLpIVGc1ak+6ww9krZxjkg5ko22srhfobi8nNzDMxSe7XQQkDh0QQwsChITfsDFHV4pzm2FVuwao2ppoRRy1VjhqwPerwkfOfpBnXWW0ucvvicQb5kMJaLvcu8/Dpl5EVuc8RnFY5UdNBiNIYfAqDiMJN5zN9k143qQwqinE+ZLu/xUprBa019bjOI2c/ztHFYxxdPMZnn36ULB+RRmlVaHrSp13PBG/uyeGsTCgURZHR6e+QJnWevnKO1cU1trtbpHFKFCWIOJbnV2k32mR5RlImLM4t0Rv2cNbSai7SSBsMxwOiyZ+4CEppmAqgVOLjA4QUQqQjdge75EVGpCM+d+Gz3HvqfvrjPkop5hvzKK1IoqRKd1B7xvSMLTg7v6qqzhPyDPagmjkmIVgmcBgEIQwcGCKTi6Ln+gujQqURuhmh62Y6vyVukktYRSO6SeyMoMRQKM3bz7yHUT5kVS1wYWeDJwbnaacNNjobNOKUpx65QCOu0WdAa34OrRRG+TlAXaVMGHxrJe0dmNd8tlckW6PYzjZ5unsOBCJjyLIxxW7O091zZPmYSHs35uLiIkZptFZoTJWmoav1arTSKKWm7ysURhsu7JwBwJYl3WzbV9TRE9tRozVc6V8ijWvcc9t9PHb20961GUWMdgaoWFhaXtpXXGYvfaG6wZhWfPGPDWmAgsc3PoPgq/f0ynnyMsc5RykFeZGz0F6i3q6ja2pqSbtJKbVpSbXJe1W5NQ31uYa3UG9EaDwROESCEAYOlNmG89de+LTWSCejvNSjvDrciySZBCG6SVuhvRUpgZH4YtYNHdHrdtAo+q4D4mhECQVjnLNsiqWZ1LFolPKuOKUqAawiRbWoqfj5kmvVc6k+VxqjpZ+VFgAAC4ZJREFUNI9efJRIR1VQjlCLauy4XRAhjVK/XmWIjYFqzlGhZgSwktWJEKKn658Uxp6I4qbdqqw5qnxDP24rjiiKOffUWUq3l49onSOO4n1zgrCXwiD7nstM3VGpLOZyGvV59dJmFZjjptVfLl+8Qmz8vKFjrxHvRAgnr0Vkr8SaAmcFl9+4EbA4QRn/GwgEDpoghIEDYxLogdw4OrDQwtO/8hHkrTKNvp8I583caje3Lp9hHM9m7Dd7de3KZuNDBD5/EKT6vJ8+0z5O59e+kGjLmZVNgkeFZzbGbvzZTG7EzPOJK3R2qdlFtNZko+zG26mCZYJrNHAYBCEMHBj+YjeJDry+ykhRFhTd4rCHGThgJgE3gcBhEfwQgQNDZNKOljAfFJjiLX8JtUYDh0YQwsCBITN1KGeda4Fbm2mhIRVKrAUOhyCEgQNjOkfIFzJ3FrhlmEwdBzdB4JAIc4SBA+Nat9etetlTShMnCXGc+ChPWzIejab5hrca0xKjwTUaOCSCEAYOlFt5jjCKYhqtOer1BkpX+YmRwRiDMRFZNubqxmWybPSlb+xvEbOu0UDgMAhCGDhQlFI+V+wWu+Y1mnO02vOIKxn2O2TZCGt9BR1jIhrNFsvLq9z/wENsXL7M0xfOHPaQDwyFT60IQhg4LIIQBg6MoigYjYZIVUf0C8p9ex7QbM3TbLcZ9nYY9PvXGcPOFXR2d+js7rC8tMx9D7yY9lybzzz6ycMe+sGgFL1uF+NL0t2CvoLAYROCZQIHhrVW8jxnNBrhnLslImbqzTbzC0t0tq/Sv4EIXsvW9hYf+dBfcfvtd3LX3fce9vCfcyYBVMPhiCzLkFt1ojRwqAQhDBwkVmuN1honzpcLex6LodaG2267g0FvhyzLvuDvjUZjPvSB9/LgQy+m3Z477N14TvHBQg6lNdpogPKwxxS49QhCGDgwlFIl+HxCW5bPeyE8ddvttFsNOp3dL/q7W1tbbG1e5aGXftVh78Zzhr8p8lGzzk0NwSCEgQMnCGHgwIiiaJAmKQsLC5SlL778fC6y/MADD7K7s/Wsv//YZz/N2pE1oig+7F15TvBCaCjLkoWFBeq1Okqp3mGPK3Dr8fy9CgW+4tBabzqEer0BeLdYFD0/47WOHFnjwYceYnNr81mvY2PjEuKEo8eOH/buPCdorYmiCK0N9XrdFw/X+tnfOQQCz5IghIEDQ0R28tzPlcVxTBRF1Gq1wx7Wc8KRtTXarRbd3d1nvQ7nhLwsabXah707zwlxHJMkCVEUIU7I8gwR6R/2uAK3HkEIAwfJZlmWPWMMu50ORZ4zN/f8DAZRKPIin537elbUkuTmzWz/ltNsNgFha2sblKLIc5xzlw97XIFbjyCEgQPj/NknukVenDcmotfrMxwNWV5ePuxhPSdsbl4lG2e02l+aNXfi5EmctV/SOr5SWVhYYDQaMRgMSGs18jzvAJ857HEFbj2CEAYOFGvto9Y5xllGt9tlbW3teeke3di4zNXNTY4fP/ms13HH7Xdw8uRJzjz5xGHvzpcdrTXHjh1jd3eXXr+PUoqyLB+7cO7J8WGPLXDrEYQwcKA459476PcRB51Oh6WlpcpF9vzCOceTTz7B/Q889KzX8U3f8q1sXr3KcDQ87N35slOv11lbW6Pb7VIUJaPhiLIsP3TY4wrcmgQhDBw079zd3aHeaLKz06EsC9bX1w97TM8JH/rA+zh69NizivpcXl7hoQdfwm/8xq8d9m48JywvL5MkMbudLmmtwe7uDiLyjsMeV+DWJAhh4EA5+9TnPjcajT4mAt1en6tXrnDvvfc+LxPru90O7/ur9/C6N3wn6Rfh/lVK8SNv/lH+6I/+kDNPPXnYu/Gc8IIXvICdnR263R5RnNDrdXeUUv/5sMcVuDV5foajBb6iac8tjAX59sXFZQb9LkeOrHL58ga93vMvl/rSpYu02m2++hWv4uLFC4w+j5uz1Wrzuje8katXr/AHb3/bYQ//OaHdbvPwww+ztbWJE83Ozi7dbvcXz515PAhh4FAIQhg4cLqdnY/Xao0fW1lZblnrGA37HDmyxuOPP37YQ3tOOHvmSZIk5kUPvpQ4SRgOhxRVPqVvS6WI45Sl5SO88L4H2NnZ5s/e9fzVhK/+6q8miWP6gzFRXOPcubPOOfeGbmfn1mrEGPiKIQhh4FCYm198cjQafc/60WP0uh1qtQQRYXt7+7CH9pxw6dJFrl65zPLKEZaWV2nPzRMnNYyJqdWbNJpt4iThwvmneOrJ5+cNAcD6+jr3vOAF7Ozu0mjOcf78eYbD4T86f/aJPznssQVuXZ5/EzOBvzWcOn3X29fW119//OgxNq9eRAGf+OQn6XQ6hz2055Q0rdFotiitpchzX4TcFpRFcdhDe06p1+u8+MUPEUcx80tHuLq5ydMXLjx6/uwT9x/22AK3Ns/PQo+Bvy18z5WNjc8mcXLqyNoxdrau0Go2n/dCmGVjsuzWS5dLkhitDYvLa2zv7nLx6afHwDcf9rgCgRA1Gjg0zp15fCwir7lw4fzWxsZVllePcdvp29E6OCqej9xx512sHzvF1vYO586edcDXnT/7xPnDHlcgEOYIA4dKZ3d7d25+8Xe73c4353mxfPLUbZw6dYrxeES32z3s4QW+DCwvL/PKh7+GYydu4+y5c1y8+PQW8E3nzjz+gcMeWyAAYY4w8BXCydvubAK/3Gw2v+fUqdtot1psbV3hwoXzbFy+9LxMrXg+k6YJq6tHOH7iFEePHWecFZx56ikGg/67jDE/fObJxy4c9hgDgQlBCANfUdx5933fi+Ln2q32vWtra9TrdfJszGDQYzDok41H9Pt9ytJ3NZ/8ExFE5AvbiEj1y1eAMPkzEAT1ef4kRGRf8r+IVKu65r1q/bNjml3z7EiVUn5M17w/+70vcM+eaeTc7M99MsbJmPcdn8m4qkFMllFKTftJKqUwxtBstkhrdRqNBs1Wm1q9QZEXXLmyQbfbfVqEn3/ic4/+uy95VwKBLzNBCANfkRw7ftub0lrth+v1+jcsLC5FzWaTNE0xWuGcm+bficheqyNhvxgqNSNck/dnnlfaoJRCnL/4Xyc6M/qhUMjkjalY7H1nn9RMN+G3ryYrR7Gne5WyyHUjAxGcuH3b9N+7Xljlum9Xz2+mfdfs02Sc1+PXc+0xUdVYlNLVMXaIE7SJECDPMgaDITs72wwG/feXRfmrWTb6latXLt16EUKBvxUEIQx8pbHvuluvN19Tqze+Ja3VXm2MeWmSpPUkSYmTGGMMWumpdTL5tpqxxFQlhlI9n7UBZSIWfkH/3jNZlbNl4CbLzXxvsl6lFFP7TsBaS1mWXjD4/H903tKKfR/Ca/VsoqLqGvtS9vb1Bsq1bz9nxz5Z13SR2c9mX89sX0Sg2l+pLPIiz8nyMVmWOWvtI0Wev3846P9xnmd/am058WsbwPHlMHADgS8jQQgDX2kYIAYSfFTzGLDAMrAOLCqlG1Ect4zWKajomX/FCsQxNfeAL0iNbsYX8d1KXHRZlsOyyHe/iK1KFMVzURw31awUPZtxfyn7eu16Jju1H+ecy8qiGDhnh0APuAJs4s9fihe/rPpXVq8DgUAgEAgEAoFAIBAIBAKBQCAQCAQCgUAgEAgEAoFAIBAIBAKBQCAQCAQCgUAgEAgEAoFAIBAIBAKBQCAQCAQCgUAgEAgEAoFAIBAIBAKBQCAQCAQCgUAgEAgEAoFAIBAIBAKBQCAQCAQCgUAgEAgEAoFAIBAIBAKBQCAQCAQCgUAgEAgEAoFAIBAIBAKBQCAQCAQCgUAgEAgEAoFAIBAIBAKBQCAQCAQCgUAgEAgEAoFAIBAIBAKBQCAQCAQCgUAgEAgEAoFAIBAIBAKBQCAQCAQCgUAgEAgEAoFAIBAIBAKBQCAQCAQCgUAgEAgEAoFAIBAIBALPA/5/kYzIt2YF2LEAAAAASUVORK5CYII=',49000),(10,'iPhone6','Apple',1,'/9j/4AAQSkZJRgABAQAAAQABAAD/2wBDAAUDBAQEAwUEBAQFBQUGBwwIBwcHBw8LCwkMEQ8SEhEPERETFhwXExQaFRERGCEYGh0dHx8fExciJCIeJBweHx7/2wBDAQUFBQcGBw4ICA4eFBEUHh4eHh4eHh4eHh4eHh4eHh4eHh4eHh4eHh4eHh4eHh4eHh4eHh4eHh4eHh4eHh4eHh7/wAARCAFAAKwDASIAAhEBAxEB/8QAHwAAAQUBAQEBAQEAAAAAAAAAAAECAwQFBgcICQoL/8QAtRAAAgEDAwIEAwUFBAQAAAF9AQIDAAQRBRIhMUEGE1FhByJxFDKBkaEII0KxwRVS0fAkM2JyggkKFhcYGRolJicoKSo0NTY3ODk6Q0RFRkdISUpTVFVWV1hZWmNkZWZnaGlqc3R1dnd4eXqDhIWGh4iJipKTlJWWl5iZmqKjpKWmp6ipqrKztLW2t7i5usLDxMXGx8jJytLT1NXW19jZ2uHi4+Tl5ufo6erx8vP09fb3+Pn6/8QAHwEAAwEBAQEBAQEBAQAAAAAAAAECAwQFBgcICQoL/8QAtREAAgECBAQDBAcFBAQAAQJ3AAECAxEEBSExBhJBUQdhcRMiMoEIFEKRobHBCSMzUvAVYnLRChYkNOEl8RcYGRomJygpKjU2Nzg5OkNERUZHSElKU1RVVldYWVpjZGVmZ2hpanN0dXZ3eHl6goOEhYaHiImKkpOUlZaXmJmaoqOkpaanqKmqsrO0tba3uLm6wsPExcbHyMnK0tPU1dbX2Nna4uPk5ebn6Onq8vP09fb3+Pn6/9oADAMBAAIRAxEAPwD7LooooAKKK4r4hfEbRfCT/YmP23VWXctrG33AejOf4R+p9O9AHa0V846x8S/GmrsyWi3ccbHIjsYWXHtuA3Y/GsSa88e37mQWmsO3cyyP/wCzmgD6nkdI0LyOqKoySxwBWZP4l8OwZ87XtLQjqDdpn8s18sy6D4unZpHsLeJupaWeJT9eTmqcmiasdwn8SeH7VwpcxvqK7sDknC544P5UAfUN34/8G2ozL4gsz/1zJk/9BBrIvvi94CtTj+1pZj38q1lwPxKgflXzK+j6fKIjL470ndNny1hV5PMx1C4HJqmdM8GmOGWTxzdSieQxDydMcKHH8JZjhTz/ABYoA+i7349+DLdiEttUlAz8wSMA/m+f0rn7/wDaU0WEt9n8PXEv93zLpUz9cK2K8Lli+HMMTTyz+LZkhmMFyGhjj8h/9sfeUds9Oo61Hc3HgO0M2PCWtXM9sw86Ca/A/dHpKu0fOvupPHPTmgD1fUf2oLrawtPDNlC38JkvHlH5BF/nXO6l+094udNttZ6Nbt/eFu7fzkNcPPrXhqCSaLTvhzpjzLGJ4ftGozSrcw4yWTOBuA52nB69xioW8YIDHHpXhLwlaxXa7rGV7IuHcHmKQlsq/oemcdjmgDZ1L9oz4k3DZt9bjs8HpBZQEH/vtGrDvfjD8U9Qfzf+Ei1xyf8AngPKU/hGqimy/EjxLHEZ7ZdJ061cmGTytNjD6fOOm4EcqcYz6E8ZGDSuPiR8Rl80zeIrtZbRQLy1iiiUmMjiaIhMkYwTnIGQeh4AIT8WviBBMVm8V+IYnz82b+UN+pI/Su88GftJeP8ARMTakYfF2nRjM9vMiQXkaDqyOg2vj/aUn3HWuKt/iX4iliXTvFlrpvjLT5QXiS8t0je6i7iOVACkq8+vIx1rnPH2j2WgppvirwneXFx4b1Xc1k8v+us5kPz20v8AtL+ooA/QL4W/ELwt8SfDKa/4Vv8A7RBu2TwyLtmt5MZKSL2P5g9QSK6uvzL+FPxGuvhX8UdN8Y6buGiapiPV7JOVaMtiQAf3lPzr9QOhOf0vsrm3vbOC8tJkmt541likQ5V0YZDA+hBBoAlooooAKKKKAOb+JXiU+FPCF3qkMQuL5itvYwH/AJbXEh2xr9MnJ9ga+S/F/ja28F6ithbRrrniy+m8y9v54/NUuSfM8rnACEYLHgEEY4IHu37RGqNb3mlQidIRY21xqCtIcIJ/lggLewMrHPtXxHqt/PYrrevTWoS/e4NtCjKQqIpA+XP8JclvegD1a68fX7LCb/xZqxeLPmKkywo4P8Lbdo46ZGDWRJ4z09/KkfWdQumg3AM135m4HqGwTu6968KvYdQls2v5b66Z3ydxkwGx14HT2rEy7n5pHPrlqcvd3QlrsfQljr2g391Db2Y825iDeX50rK5B+8oLdcjPy57njk1ah1HS/wB2sWklfszHYrSAGInrj5eM47V4TJYS6XDb6hDIyPkMpBwG5PT8Qa9M02/kkuJJwrTSNAHaMdWYDpVONnZiudimsWtucnRLGWEtkxy5PPqDxg++Ksay2nyL/bGmxtNZ6hGw1CxYhpVK43Oh/vLkNn05IwDXbfsx6D4b8S61ft4lt4JrqGBGtrG4fg5zvbH8WMAfjWH8bdM8O6J4mnTwtdi2t1vYFgZJA8UVz5bl0LcjbgqDnpu54zWbl73LYuztc5GSeQMpV4rucQ4iY/6vVLUdUP8A01AwOzcf3gM1BcEfYzaXB3f8wy4cg7eu60mHTvjnj/gJ4rzvD5cnmhrS3EwEqKSX0667Sr38okds4HuFzWupj/pRu4I3cgf2jaxgYdf4buHHGemcY64xgnDEOeaMwKfOls7QT/K3PmaXc5Pfr5ZwTwffGRg17kxn7X9rtRsXH9p2cWAB023MPbvz0646Nwkz3DSNyt1dmDJIY7NTt/f1kXryM/LnqozANjSWf2W6YL839lXc3GOPmtJT264GD/F6NwASSPc/bSxIu71oOp5TVbYjoe5kXHucj1XmkrKEtWtrto41OdMu5SP3TdWglJ4HOcZwOc9DwspiNu5/fWtks2XTnfplz64xkIxHpnjGcjls8pAuDPbRtIR/xMrZCCswz8txFjvyCcEjOT90kAAim8nyZEaJre183Nxb8iSwm7OvfYTj14464NdJ4Zhm8QfD/wAY+D5BH9uWODVrRtwETyxsEMik8KXR9p6ZwO+a5xxIkiMssU1wIi1vKwzHfw45jb/bHTkZz7gZu+K5F8NfDsaJF5ialrwS4uI5f9ZZWedyQE9QWb58emOBk0AcxqfhjV9N0G807XLI29xGFuYPnV1IYEHBUkc7B+Vffn7HmvP4g/Z28KzzSF5rOB7B89hDIyIP+/YSvz+8Ijbp+pxFjt+zqcE8fxV9q/8ABPiUyfAOSMtnydauUA9PljbH/j1AH0RRRRQAUUUUAfOv7T+pW1p43tLLUMGwuvD8/nBugKSb1P4YNfJHie0jla9sFvZrixvP9L0y5Y5zGcHaP9xhyo7HNfVP7VQU/FTwyrqHRtMlDKRkEeZXguseE7jRZJra1019b8NXL+YttER9p0+TrmPJG5R7EHBx70AePTjVbi0TT/3SwrnDbzs56444zVeHRrjzPL86346sHyP05Neo2+ipvib/AIRTXpZMFbjIKFs5w6szcEDHByOPepYtC1BWgP8Awh9xIVDLP5l1GgkBGFbhyQwyT3HA465bd9wPOoNPlEiCaaa58kjyowhxn157V3HhOAWsLTXk8STN1UuPlHp1rRh8P6vGIG/4RrTd8W5X8y5XEqHoCAvBHPzDnp6UQ+Hteijh/c6Ojw5C5ZjuU9VYBfmHXrzRcVi8l1YPKAdWt4GHWRZclR3Py5OPU03UrxZpY7W0hM1jbRM32eTH+nRORvmjx/GCoA5yNvswqlD4e1mAQn+0rBJLdiYnEDOVB6rksMr1OCO5qNNBv4xGp1rYIpTLEIrYL5bHrjJOB7dKGxjmlcSReU0dzMIv9Hdx8moW+fmhk/6aD35468LVYTIDbNbTyIAT/ZtzJ1hYfetpfUc8dR83+0cObQmGRJqt0QZfOCoqIFf+8ABwenT0HpUUmjQfvTJeXsnnNvlBlwHbnk4AyeTz70gI2MBhZWZrW2E53qPv6bc+o/2GI9un+zyS7V+0m7jOHYDUrdCPnH8NxD6nnJ69c9Dw2XS7PzC7m4kYjBL3DnP61XfTbANu+zKzerEn+dAD57hopGLTW1xcRRAM5bEd9b4GA3o4GPQ8f3qqtdWULRLDeIoQGSyuGI3R+sUo7g8joRz6E05rS0U8WsOf9wU0pGvKxoPooFAD9G1G3i1OG6fTFurFJBcG0m4jWYdNh6lScEgYB6HoKzfGF5d6ldXOpX87T3dy5klkbqSf5DtirpJJrL8QH9wfpQBW0YbtE1gH/n1X+Zr7X/4J5W6w/AW4kUnM+uXEjfXy4l/kor4q0BVfR9Z3KGxaAjPY/NzX23/wT6/5IB/3GLn+UdAH0PRRRQAUUUUAfM37VZA+K3hb306X/wBGVxjAj6+ldn+1Spb4teFvRdMlJ/7+VxcudxwaAIpJG6Z/Gq0mT3qw4AODxVeYDkD0oAqykgYzz9aqTdatyYI9Paqc3X1zQBUmqnNjFWbyWOEAu2CxwoxksfQDqTUE8Vyg3TRLbIehuJFQ/wDfPLfmKAKMx6/zqnN9KtxlLyZ7eyuba7nj+/FBMrSD/gBwx/AVTlPLLjaynDAjBB9xQBUl65qtLVmY4JxVSU9aAIJOagY1M5z34qBzQAwkZ61m+IP9Sa0ST2rM1/8A1B+lAEWglhous7V3E2qgjPQZbJr7b/4J8kH4AHBzjWLnP/fMdfE/hiZYNP1WV/ui3UYAzkksAK+1f+Cfls1n8FNQtpdgkGuzsQrZ4MMOP5EfhQB9FUUUUAFFFFAHzV+1Rx8UfDJ/6hsn/oyuHY8HuQa7f9qrH/C0fDOf+gbL/wCjK4WRiO1AEch696rvj6VM596rSn1P5UAV5eWIB4qjfS+UgO0F2OEUnAJxkknsAMknsAauynJ7Vy/ihbu5tWngdVgMnlM3IJjU/MF+rgg/7g96AJNM1tba7kltbYXV0RtEzjGR7D+Ffbqe+afcT3l5L5t5cEv6RjaB+PWq9hbrbwKoA3tyx/pUpePLKHRnUZ2g81SQhuxFb5Tsc9+pP51ZkgTWQLa4dY9QAxbXJ43nsj+oPr2/SsyzJ8wzTuFc/dVjg/l2q4w4yOo5BFG4HOzCRHkiljaOWNikiN1VgcEGqspro/Gied9h1sABroG3usdDNGBhvqyH/wAdNc1KRUjIZCKryVNJUDmgBjdazde/1B+laJIzWbrx/cH6UAQ6D/yDNQ/3Yf8A0M19yfsLEH4X6oQc/wDE3kB/74SvhvQD/wASzUP92H/0M19xfsKRqvwx1dxnc+ryFj/2zQfyoA+g6KKKACiiigD5o/asOPih4Y/7B0v/AKMrg5GPOTXdftYf8lP8Mc/8w6X/ANGVwMjDPWgBkhHODVdyATUkhHrzVaRvegCG4k2Rs/YDJqr4khW38NeG7cD5rhPOk98KD/NqluRvidT3BFV9euPtWjeG5epit2ib2O1cfyoQHP8AiC7a0swsTbZJW2g9wO5rBt22kEE59a0vGKkQWsvOA5U/iP8A61Y0D9KpiRrQuSeeSa24U8uIISSR1rnIX6EHkV0NvOlxEHXjH3h6GhAxdbw3g+5U/wDLK9gkT6kOp/Q1yTnIzXU+IWEXhXk/Nc3yIv0RWY/zX865RzSe40ROaruePapXPNQuaQEZPNZ+u/6g1oHqKztc/wBQfTFAEegf8g3Uf92H/wBDNfcv7C4A+FepHepY6vJlRn5fkTvXwz4e/wCQZqP+7D/6Ga+5v2F/+SX6of8AqLyf+gJQB9AUUUUAFFFFAHzH+1mcfFDwx/2DpP8A0ZXn0jDPXIrvf2tz/wAXS8Mf9g2T/wBGV53KeT6UAEjYHHpVeRjjg052I6mq7tx2oAZI3rzXGeLNRv8ASL3T3abOirPsmQqPkL5KPnrj7y/8A9xXWysazdUt4by2kgnhWaN1KPGxwHU9V9uQCD2IBoAh1S1W/wBPkt1YfOA0behHSuNhEyzm3aJ/OU4KY5zXpXh3QLe90pbfRrzM9uNn2ac4fHYZ9f0PaqHHnzRjY0sDmKYIQxRgcEHHTkVW4jko1mWUQtE4kPAUjBrp9OtnSOG1jUvPIQML1LHtVuG3uZnVIomLN0yMVT1PVotLjktdLnWbUZFKS3SfctgeoQ/xP2z2+tGwGd4yuo5dUj063cPb6ahhLjkPMTmUj2BAX/gNYMhp5VI0CIMBRgVC/wBakZE54qF6kc1AxoAQnms7XP8AUH6Vf71n62f3BoAb4d/5Bmof7sP/AKGa+5f2F1UfDLVnAO5tXfdz6RoK+HfC0Rn07VUVtrCBGU46EFiP1Ffbv7As7Xvwavr5ovLMmszLjOc4jiyfzJH4UAfQ1FFFABRRRQB8t/teNj4peF+f+YbJ/wCjDXnUjV6D+2CcfFTwuR1/syT/ANGGvN5G5PpQAO1V5H6+ppZHzVeR/f60ANlftniqkjcVJK1V5GJNAELsUlWaN3jlX7roxVh+IqIXUkVxJcpHbfaJDmSX7OgeQ+rEAEn3NErc1WlNAC32oX10jRy3BETDDRxgIpHuFxn8c1mvhRtAwPSp5TVWU0ARSH6VXkPFSyGq8hz1oAjeoWPNPc5qJjQA3JzVDW/9QfpV3PNUdb/1BoAn8Ff8euqf9e4/9mr7V/4J7sG+AkwH8Ot3IP8A3xEf618VeCv+PTVf+vdf/Zq+0v8AgnmMfAe6Prrtwf8AyHDQB9G0UUUAFFFFAHyp+2McfFTwsf8AqGyf+jDXmkrnJwePrXo/7ZbD/hafhYemmvn/AL+GvMpCM0AJI2B/Oq8j/j6UrseScVDI1AEcjdBVeRvUnNPkbjFV5G7npQBFK35VWkJPGakkaq8jZFAEUhA6mq0jVLIc1XkbnFAEUnpUEh7VI5qB/rQAxzULn0p7n8aibg0AIOoqhrf+pNXs81Q1o/uTQBa8E/8AHpqn/XBf/Zq+0/8Agnn/AMkHuf8AsOXP/ouGvivwT/x6ar/1wX/2avtT/gnn/wAkHuf+w5cf+i4qAPoyiiigAooooA+Tf2zjj4qeFvU6a/8A6MavMJG56816X+2i2Pix4V5/5hbn/wAimvL5GHPPWgBjtmoJGHrTnPHWoHb1NADHNV5G/wD1U+RhVeRvU5oAjkY5qvIcd6kc+tV5DQBFIagcntUj8d6gc4oAjc9agepHNQueaAGOaiant3qJzQAmeRVDWf8AUmro61S1j/Un6UAW/BP/AB6ar/1wX/2avtT/AIJ6f8kGuP8AsOXP/ouKvirwSP8ARNV5/wCWC/8As1fa3/BPX/kgs/GP+J3c/j8kVAH0XRRRQAUUUUAfIv7axx8W/Cf/AGDH/wDRrV5dI3J5r0/9to4+LXhMf9Qx/wD0a1eWSMcnmgBjH16VXkPOakc/jUDk+35UAMkPU1Wc88VLIx7VXkbmgCNz61XkPepJD71A7e9AETmoHqV6gc0ARueaic1I5qBz70AMc1ExOaex61GxzQAg681S1j/Umrg61S1f/U0AW/BP/HpquP8AngP/AGavtr/gnyMfAJj66zcn/wAdjr4l8E/8emq/9cB/7NX27/wT8P8Axj+v/YXuf5JQB9C0UUUAFFFFAHyD+23/AMlc8Jj/AKhb/wDo1q8qkxk4r1P9t3I+L3hT/sFP/wCjWrymUnOaAI3NQSEE1K5qBznpQBExqCQ1K5FQSGgCJzUDkc96kc4qCQ0ARuagc9cU9zUL80ARvzUTHBqRzUTUAMY1Exp7Go260AAPOapax/qTVzvzVLV/9SaALngj/j11X/rgP/Zq+3P+CfRB+AJHprFyD/3zHXxF4H/499U/64D/ANmr7Y/4J5/8kGuf+w5cf+i4aAPoyiiigAooooA+PP24Dj4veFP+wU//AKNavKJWOc16r+3EcfF/wr1/5BLf+jWryeU80ARufwzUDt+VSOahc5oAiduKhkJqRyO1QOfz96AI3+tQOe9SufwqBjQBG55qF6kYjkVC9AEbmomNSMSKiagBjnvURcE4Bq3p8aS6tZRScxvcRqy+oLAEVoeJdW+1tPZf8I/punKkxAmt4GR8AkYyTjBoAxB1qlq/+qq4OMVT1f8A1RoAueB/9Rqn/XuP/Zq+1/8Agnn/AMkHuf8AsOXH/ouGvifwR/qNUH/TuP8A2avtj/gnl/yQa5/7Dtx/6LhoA+jaKKKACiiigD44/bjOPjB4V/7BLf8Ao168mlOD1r1f9uY/8Xh8K/8AYJb/ANGvXksh59qAI3NQyHrmnsahc0ARuc1C5qSQ81A5oAjc1CxqSQ+tQv1oAjY571C9SOT61E3SgCNjUbGnNUbmgB1qglv7WIkqHmRdw6jLAZHvXQ+M9Qu9RjZotQvZNOUBmt7qbzGDiR485AH9zP41zlsHN7biNtshmQK3odwwa6bVptO1RpNOi1KzimlmAdodMaIu4JABYMeM0AciO1VNW/1Rq2pzwRjFVNW/1VAFzwR/qNU/69x/7NX2x/wTy/5IPdf9h24/9Fw18T+CP9Rqn/XuP/Zq+2P+CeX/ACQe6/7Dtx/6LhoA+jaKKKACiiigD40/boP/ABeHwr/2CG/9HPXkkhr1r9uk/wDF4vCo/wCoQ3/o568ilNADHOf8agc+lPY8e9ROe+cUARuePSoXNSOahc0ARvmoX7809j2qJj+VAEb1E9SOahfHrQAxzUbU9utRuTQAkbtHcwyJjKSKwz04Pf2rX1n7LBayyWcUEUs0qs7R3wlIIJPAwCOe9Y8W37TCW6eYufzFaWpHVbgzxXNnKw35jK24G3BPcD0oAyV7VU1b/UmrSmquq48qgC34IP7jVP8Ar3H/ALNX2x/wTx/5IPd/9h24/wDRUNfE/gj/AFOqf9e4/wDZq+2P+CeP/JB7v/sO3H/oqGgD6OooooAKKKKAPjD9uw4+MfhX/sEH/wBHPXkMhr1z9u5tvxl8KZ76Qf8A0dJXkMhOaAGMfTFQuaex96ic8cUARueahc89akY1ExoAjc1C9SOahYnrQAxzUTU9zk9aiagBrGom/Wnk80xqAGgAyIp6FgD9CasSyYtNi7lkUsfM3nJG9hj8gKr7HfIRGcqNxC9cDvT7uSaWQySS+cMAGQdOmcUAQrVTVf8AVVbHWqmq/wCq4oAt+CP9Tqf/AF7/AONfbP8AwTw/5IPd/wDYduP/AEVDXxN4J/1Op/8AXv8A419s/wDBPD/kg93/ANh24/8ARUNAH0dRRRQAUUUUAfFf7eeP+FyeFP8AsEH/ANHSV5BIea9g/by/5LJ4UH/UIP8A6OkrxxWkubmS3tImnkiG6UqMiMZxkn6mgBrHvUTmtO48O+IYjOGtIWaFPMZVl5Mecb17MPcVXk0TWxJHGunmQyxebH5cgPmKOu31IweBzwaAM5zUTn86tNY6hthb7FKROxWIjB3HOCOO/I49xVeS3ulV2a3kVUbY5KH5W9D+RoArueOaic5PpU7wzAspjYFfvAjGKiMMv93PpzQBC3TrUROamaGY/wDLNuajaGcA/un/AO+aAIWphp7JIOsbj8KjY+1ACB5Yj5kD7JMEA/0PtUlxMpXybdPKgJDFep3fWoSwppYZoAUdRVXVf9VVoVU1X/U0AW/BP+q1P/r3/wAa+2v+CeH/ACQe7/7Dtx/6Khr4k8Ff6rU/+vf/ABr7a/4J3/8AJB7z/sPXH/oqGgD6PooooAKKKKAPiv8Ab1hvp/i94YTT7d55zox2hBnb++cZ/MiuZ8J6TFoemW0VsY5LqVTJHcN925cgb4JPQ8HGcH8xXt/7UulW83jfTb263xifQLlIJkHKSQTxSnHr8hc4/wBk143cT7oZftEXLRiS9hj6OuPkuYvf5snHHX8ACZplUQ+VM1skcpW0ll+9aTDkwyZ/gJPBP9DVSeaNInV0ktLeOfEqKCW0+fJG5e5Q46fQfWKWZy8hfbcyNETKucLfQA5Ein/nouMn/d9jmm87BoWgkE0rRkWsrj5buLoYZB/eHP6CgCS7nP8ApS3MIO4A38EfTP8ADcR/nk/73vxUlmYzMziO4uDF8392/h9fZ1x79PVea7TKvkfZrhkRHK2c0h5hbnMMnsTn8896pPJGIyGWS3gEg3KeHsZvUD+4ce36cgEzyqUh8llORiymcfeH8UEn54/EdjxQuPsvlggGKDzMIT96zmPY+qkj+uMjBLiZiLgTxAkgG8hXo/pMnbPPP19zirLK5kPKzTNFyf4byL/4sf09uQBJ1tw0zSQAYO27hXqnpKnt7e+Ohqu6EOiqyNNEu5MHC3MXoP8Aax+PXuKb5x/ctDL04tZmH5wv7c+4/A8VnZPL2tvihEmSB961l9R/sn/PIoAcx+QLHdSLHKcwSk8o3dHH9fp70j3MoZpHYhF+S4h2gtEezj1H59/amMzZm8yNSxGbmAfdlXqJE7Z/z3NNBbfEUkEku3/R5SOJk6bH9+3P0z0oAVpLjBiC20s4+ZP3YK3Cdcr7+39RTPNhcA/ZbQwzDEUjJgI391/Q+/Hr0qPMflKQxjt93ytk77WTP57f89ac7HfKZI1L4/0mBeA47SJjjI68fyzQBn3kIjDv5JheNtssWc7PQ/T3rM1X/VV0LAuUUSq8m3/R5m6Sr/cbPftz/hWBrCKkPygqAdpU9V9qALHgr/V6nj/n3/xr7Z/4J3/8kIvP+w9cf+ioa+JfBTAxamc/8u/+Nfb3/BPNCvwFuGIwH1y4I9/3cQ/pQB9GUUUUAFFFFAHmP7R/h7UNV8Cx65oloLzV/DdyNTgtsZ+1RKrLPb+p3xM4wOpC18tXtmv9lWviDwzM9/4auW83Tr5RubT5Dkm0ucfcwTjnjuM19z30skL707DoelfK3xk+FPiTw/4kvfHPwW1h9Iub0mTU9E3hYJ35JZFPyHOT8jDgk4I6UAeSTXsGwje9vGkv3c/NYz9yP9hj/L25q3VxGRPFcI0abh9shj5MTjpPH7Hv7HrzUd98UPHFpcyQeJ/hv4YuJ8eXO0+itFI4Hq0bAHp9KiT4s6J5ySap8KtJ3IhRDbXc0OFOcrgkjHJ/OgBt3dFmnaYrNJIgNyini6jzxKp/vDBJPsT61UM0hmXyZBPMVxE7/du4/wC43+0OmOemO1W4viF8MZYkW7+H2t2hjYvE1nrRPlk9dodeB3xR/wAJD8FLuKZZIfH1g0rbwg+yypE2eq4wR6UAZQnXERhlZFDH7LKx5iPeJ/br+fTk1WkdBG2QYYlf50Gd1rL/AHl/2Tj/ADgV0bN8ILzMi+PNbtnlGJkudHJDn+8drcH3FH/CPeBZ1jaz+MGivcY2EXmn3EKsn91jg/n/AIUActKx3TCWMOQM3MS9HHaVPf8Ax9zhreY0incJJWTKMelxH/db/a47+nsK7AfD6CTaulfEvwJeOnzW+3Vwsi/7BDKOOf8A63Jp5+E3i2VvLs5dDv45DuK2mqQt5T/3l+Yce3FAHEJt/dFJWRNxFvKesLd0b/Z/xzjk0jlBHIHi2x5/0iADmJum9Pb8vT0rsbj4V/ExN8j+ELu4z8swt3jkWYf3gVY/N+HvWTdeC/HFnJtl8J69HJEv7uWTT5NrL/cfjHTjv6UAYZ8wyHO2WcpyOq3Sev8AvD+meopoKlYTHKVQE/Zpj1jPeN/b8xz6E1Jc6fqVtEGuNK1G2g3fKXgdWt5PbI6H/PSqrXIQy+amJODcQngSDs6+/P6+9AEjhfLkLRFY93+kQgcxN/fX2/8A1ela2mWNrP4T8XapqsImisdORYp1HyyTSSKsRz13fe+oBzUPhnQfEfiq9isvDOlXmp3ZGIrhIj5Xl9xK3RQBnljjjHpU3xa1HSdB8NWnwy8O30WotBdG+16+t33wy3eNqwxN/FHGCRnuxJ7UAYGlajYSaDeyWejw6dHDAqySCVpHmfDZJLdAcjgegr7y/Yh0d9J/Zy0B5UZJL+S4vCCOzSsqn8VVT+NfB3grwnrHjDxTonw/0VH+16jcKblgpIgU43O/+yiDcfoR1r9TfDWj2Xh7w7pug6arLZabaRWlurNlhHGgRcnucAc0AaFFFFABRRRQBHNEsow1YWr+HIr1CAcE10NFAHi3iz4P/wBrB/3mc+vNeY69+zvrjAiyvWjXsFAAr63ooA+FdX+AHjhDuUW02P79qhz+lcxqHwW8cwvltB0+UDqBCRn8jX6IFVPVQfwpjQQt96JD+FAH5un4Q+J9xFz4XTn+KN3BH64psfwV1/GZNKlwPXOf0r9IDZWh628Z/wCA006fZHrbR/lQB+ZusfCbVrJWY6dc8dh0rk5/DdxZSst0t1aEfxCIsD+XSv1VudA0m4UrLZRMD/s1z+p/DTwnqGfP02E5/wBmgD8xYftNq5Fr4jmgI54lli/wrWs/Fvju1QCy+IGr7E6KuqyED8C2K+/9R+AngW7yTp0Yz6Cud1D9mPwRcZKWyrQB8eW3xS+L0G0p4xvLhRwBI0cqn8CDVxvjT8V1fZeXGm3RHafSLdsf+OV9L337JvhiTPksU/z9apxfsq2Vu4MN5IAOg3H/ABoA+YvEfxH+JniexfTtS8Rz2thINsltZxpaxuvowjC5Hsab4G+HOu61cxLo2lvcSMfkuJh5dvF/tMx649Bn8a+wtC/Z7stOkEhMbMOclRmu/wBH+HMViFG/gdqAOV/Zp+Ffhv4YabPdRz/2v4n1FcX+psmAFyD5MQPKx5AJ7sQCeihfbVOVB9aydN0dLNQFxxWsowoHoKAFooooA//Z',45000),(11,'iPhone5','Apple',1,'/9j/4AAQSkZJRgABAQAAAQABAAD/2wBDAAUDBAQEAwUEBAQFBQUGBwwIBwcHBw8LCwkMEQ8SEhEPERETFhwXExQaFRERGCEYGh0dHx8fExciJCIeJBweHx7/2wBDAQUFBQcGBw4ICA4eFBEUHh4eHh4eHh4eHh4eHh4eHh4eHh4eHh4eHh4eHh4eHh4eHh4eHh4eHh4eHh4eHh4eHh7/wAARCAFAAKwDASIAAhEBAxEB/8QAHwAAAQUBAQEBAQEAAAAAAAAAAAECAwQFBgcICQoL/8QAtRAAAgEDAwIEAwUFBAQAAAF9AQIDAAQRBRIhMUEGE1FhByJxFDKBkaEII0KxwRVS0fAkM2JyggkKFhcYGRolJicoKSo0NTY3ODk6Q0RFRkdISUpTVFVWV1hZWmNkZWZnaGlqc3R1dnd4eXqDhIWGh4iJipKTlJWWl5iZmqKjpKWmp6ipqrKztLW2t7i5usLDxMXGx8jJytLT1NXW19jZ2uHi4+Tl5ufo6erx8vP09fb3+Pn6/8QAHwEAAwEBAQEBAQEBAQAAAAAAAAECAwQFBgcICQoL/8QAtREAAgECBAQDBAcFBAQAAQJ3AAECAxEEBSExBhJBUQdhcRMiMoEIFEKRobHBCSMzUvAVYnLRChYkNOEl8RcYGRomJygpKjU2Nzg5OkNERUZHSElKU1RVVldYWVpjZGVmZ2hpanN0dXZ3eHl6goOEhYaHiImKkpOUlZaXmJmaoqOkpaanqKmqsrO0tba3uLm6wsPExcbHyMnK0tPU1dbX2Nna4uPk5ebn6Onq8vP09fb3+Pn6/9oADAMBAAIRAxEAPwD7LooooAKKK4r4hfEbRfCT/YmP23VWXctrG33AejOf4R+p9O9AHa0V846x8S/GmrsyWi3ccbHIjsYWXHtuA3Y/GsSa88e37mQWmsO3cyyP/wCzmgD6nkdI0LyOqKoySxwBWZP4l8OwZ87XtLQjqDdpn8s18sy6D4unZpHsLeJupaWeJT9eTmqcmiasdwn8SeH7VwpcxvqK7sDknC544P5UAfUN34/8G2ozL4gsz/1zJk/9BBrIvvi94CtTj+1pZj38q1lwPxKgflXzK+j6fKIjL470ndNny1hV5PMx1C4HJqmdM8GmOGWTxzdSieQxDydMcKHH8JZjhTz/ABYoA+i7349+DLdiEttUlAz8wSMA/m+f0rn7/wDaU0WEt9n8PXEv93zLpUz9cK2K8Lli+HMMTTyz+LZkhmMFyGhjj8h/9sfeUds9Oo61Hc3HgO0M2PCWtXM9sw86Ca/A/dHpKu0fOvupPHPTmgD1fUf2oLrawtPDNlC38JkvHlH5BF/nXO6l+094udNttZ6Nbt/eFu7fzkNcPPrXhqCSaLTvhzpjzLGJ4ftGozSrcw4yWTOBuA52nB69xioW8YIDHHpXhLwlaxXa7rGV7IuHcHmKQlsq/oemcdjmgDZ1L9oz4k3DZt9bjs8HpBZQEH/vtGrDvfjD8U9Qfzf+Ei1xyf8AngPKU/hGqimy/EjxLHEZ7ZdJ061cmGTytNjD6fOOm4EcqcYz6E8ZGDSuPiR8Rl80zeIrtZbRQLy1iiiUmMjiaIhMkYwTnIGQeh4AIT8WviBBMVm8V+IYnz82b+UN+pI/Su88GftJeP8ARMTakYfF2nRjM9vMiQXkaDqyOg2vj/aUn3HWuKt/iX4iliXTvFlrpvjLT5QXiS8t0je6i7iOVACkq8+vIx1rnPH2j2WgppvirwneXFx4b1Xc1k8v+us5kPz20v8AtL+ooA/QL4W/ELwt8SfDKa/4Vv8A7RBu2TwyLtmt5MZKSL2P5g9QSK6uvzL+FPxGuvhX8UdN8Y6buGiapiPV7JOVaMtiQAf3lPzr9QOhOf0vsrm3vbOC8tJkmt541likQ5V0YZDA+hBBoAlooooAKKKKAOb+JXiU+FPCF3qkMQuL5itvYwH/AJbXEh2xr9MnJ9ga+S/F/ja28F6ithbRrrniy+m8y9v54/NUuSfM8rnACEYLHgEEY4IHu37RGqNb3mlQidIRY21xqCtIcIJ/lggLewMrHPtXxHqt/PYrrevTWoS/e4NtCjKQqIpA+XP8JclvegD1a68fX7LCb/xZqxeLPmKkywo4P8Lbdo46ZGDWRJ4z09/KkfWdQumg3AM135m4HqGwTu6968KvYdQls2v5b66Z3ydxkwGx14HT2rEy7n5pHPrlqcvd3QlrsfQljr2g391Db2Y825iDeX50rK5B+8oLdcjPy57njk1ah1HS/wB2sWklfszHYrSAGInrj5eM47V4TJYS6XDb6hDIyPkMpBwG5PT8Qa9M02/kkuJJwrTSNAHaMdWYDpVONnZiudimsWtucnRLGWEtkxy5PPqDxg++Ksay2nyL/bGmxtNZ6hGw1CxYhpVK43Oh/vLkNn05IwDXbfsx6D4b8S61ft4lt4JrqGBGtrG4fg5zvbH8WMAfjWH8bdM8O6J4mnTwtdi2t1vYFgZJA8UVz5bl0LcjbgqDnpu54zWbl73LYuztc5GSeQMpV4rucQ4iY/6vVLUdUP8A01AwOzcf3gM1BcEfYzaXB3f8wy4cg7eu60mHTvjnj/gJ4rzvD5cnmhrS3EwEqKSX0667Sr38okds4HuFzWupj/pRu4I3cgf2jaxgYdf4buHHGemcY64xgnDEOeaMwKfOls7QT/K3PmaXc5Pfr5ZwTwffGRg17kxn7X9rtRsXH9p2cWAB023MPbvz0646Nwkz3DSNyt1dmDJIY7NTt/f1kXryM/LnqozANjSWf2W6YL839lXc3GOPmtJT264GD/F6NwASSPc/bSxIu71oOp5TVbYjoe5kXHucj1XmkrKEtWtrto41OdMu5SP3TdWglJ4HOcZwOc9DwspiNu5/fWtks2XTnfplz64xkIxHpnjGcjls8pAuDPbRtIR/xMrZCCswz8txFjvyCcEjOT90kAAim8nyZEaJre183Nxb8iSwm7OvfYTj14464NdJ4Zhm8QfD/wAY+D5BH9uWODVrRtwETyxsEMik8KXR9p6ZwO+a5xxIkiMssU1wIi1vKwzHfw45jb/bHTkZz7gZu+K5F8NfDsaJF5ialrwS4uI5f9ZZWedyQE9QWb58emOBk0AcxqfhjV9N0G807XLI29xGFuYPnV1IYEHBUkc7B+Vffn7HmvP4g/Z28KzzSF5rOB7B89hDIyIP+/YSvz+8Ijbp+pxFjt+zqcE8fxV9q/8ABPiUyfAOSMtnydauUA9PljbH/j1AH0RRRRQAUUUUAfOv7T+pW1p43tLLUMGwuvD8/nBugKSb1P4YNfJHie0jla9sFvZrixvP9L0y5Y5zGcHaP9xhyo7HNfVP7VQU/FTwyrqHRtMlDKRkEeZXguseE7jRZJra1019b8NXL+YttER9p0+TrmPJG5R7EHBx70AePTjVbi0TT/3SwrnDbzs56444zVeHRrjzPL86346sHyP05Neo2+ipvib/AIRTXpZMFbjIKFs5w6szcEDHByOPepYtC1BWgP8Awh9xIVDLP5l1GgkBGFbhyQwyT3HA465bd9wPOoNPlEiCaaa58kjyowhxn157V3HhOAWsLTXk8STN1UuPlHp1rRh8P6vGIG/4RrTd8W5X8y5XEqHoCAvBHPzDnp6UQ+Hteijh/c6Ojw5C5ZjuU9VYBfmHXrzRcVi8l1YPKAdWt4GHWRZclR3Py5OPU03UrxZpY7W0hM1jbRM32eTH+nRORvmjx/GCoA5yNvswqlD4e1mAQn+0rBJLdiYnEDOVB6rksMr1OCO5qNNBv4xGp1rYIpTLEIrYL5bHrjJOB7dKGxjmlcSReU0dzMIv9Hdx8moW+fmhk/6aD35468LVYTIDbNbTyIAT/ZtzJ1hYfetpfUc8dR83+0cObQmGRJqt0QZfOCoqIFf+8ABwenT0HpUUmjQfvTJeXsnnNvlBlwHbnk4AyeTz70gI2MBhZWZrW2E53qPv6bc+o/2GI9un+zyS7V+0m7jOHYDUrdCPnH8NxD6nnJ69c9Dw2XS7PzC7m4kYjBL3DnP61XfTbANu+zKzerEn+dAD57hopGLTW1xcRRAM5bEd9b4GA3o4GPQ8f3qqtdWULRLDeIoQGSyuGI3R+sUo7g8joRz6E05rS0U8WsOf9wU0pGvKxoPooFAD9G1G3i1OG6fTFurFJBcG0m4jWYdNh6lScEgYB6HoKzfGF5d6ldXOpX87T3dy5klkbqSf5DtirpJJrL8QH9wfpQBW0YbtE1gH/n1X+Zr7X/4J5W6w/AW4kUnM+uXEjfXy4l/kor4q0BVfR9Z3KGxaAjPY/NzX23/wT6/5IB/3GLn+UdAH0PRRRQAUUUUAfM37VZA+K3hb306X/wBGVxjAj6+ldn+1Spb4teFvRdMlJ/7+VxcudxwaAIpJG6Z/Gq0mT3qw4AODxVeYDkD0oAqykgYzz9aqTdatyYI9Paqc3X1zQBUmqnNjFWbyWOEAu2CxwoxksfQDqTUE8Vyg3TRLbIehuJFQ/wDfPLfmKAKMx6/zqnN9KtxlLyZ7eyuba7nj+/FBMrSD/gBwx/AVTlPLLjaynDAjBB9xQBUl65qtLVmY4JxVSU9aAIJOagY1M5z34qBzQAwkZ61m+IP9Sa0ST2rM1/8A1B+lAEWglhous7V3E2qgjPQZbJr7b/4J8kH4AHBzjWLnP/fMdfE/hiZYNP1WV/ui3UYAzkksAK+1f+Cfls1n8FNQtpdgkGuzsQrZ4MMOP5EfhQB9FUUUUAFFFFAHzV+1Rx8UfDJ/6hsn/oyuHY8HuQa7f9qrH/C0fDOf+gbL/wCjK4WRiO1AEch696rvj6VM596rSn1P5UAV5eWIB4qjfS+UgO0F2OEUnAJxkknsAMknsAauynJ7Vy/ihbu5tWngdVgMnlM3IJjU/MF+rgg/7g96AJNM1tba7kltbYXV0RtEzjGR7D+Ffbqe+afcT3l5L5t5cEv6RjaB+PWq9hbrbwKoA3tyx/pUpePLKHRnUZ2g81SQhuxFb5Tsc9+pP51ZkgTWQLa4dY9QAxbXJ43nsj+oPr2/SsyzJ8wzTuFc/dVjg/l2q4w4yOo5BFG4HOzCRHkiljaOWNikiN1VgcEGqspro/Gied9h1sABroG3usdDNGBhvqyH/wAdNc1KRUjIZCKryVNJUDmgBjdazde/1B+laJIzWbrx/cH6UAQ6D/yDNQ/3Yf8A0M19yfsLEH4X6oQc/wDE3kB/74SvhvQD/wASzUP92H/0M19xfsKRqvwx1dxnc+ryFj/2zQfyoA+g6KKKACiiigD5o/asOPih4Y/7B0v/AKMrg5GPOTXdftYf8lP8Mc/8w6X/ANGVwMjDPWgBkhHODVdyATUkhHrzVaRvegCG4k2Rs/YDJqr4khW38NeG7cD5rhPOk98KD/NqluRvidT3BFV9euPtWjeG5epit2ib2O1cfyoQHP8AiC7a0swsTbZJW2g9wO5rBt22kEE59a0vGKkQWsvOA5U/iP8A61Y0D9KpiRrQuSeeSa24U8uIISSR1rnIX6EHkV0NvOlxEHXjH3h6GhAxdbw3g+5U/wDLK9gkT6kOp/Q1yTnIzXU+IWEXhXk/Nc3yIv0RWY/zX865RzSe40ROaruePapXPNQuaQEZPNZ+u/6g1oHqKztc/wBQfTFAEegf8g3Uf92H/wBDNfcv7C4A+FepHepY6vJlRn5fkTvXwz4e/wCQZqP+7D/6Ga+5v2F/+SX6of8AqLyf+gJQB9AUUUUAFFFFAHzH+1mcfFDwx/2DpP8A0ZXn0jDPXIrvf2tz/wAXS8Mf9g2T/wBGV53KeT6UAEjYHHpVeRjjg052I6mq7tx2oAZI3rzXGeLNRv8ASL3T3abOirPsmQqPkL5KPnrj7y/8A9xXWysazdUt4by2kgnhWaN1KPGxwHU9V9uQCD2IBoAh1S1W/wBPkt1YfOA0behHSuNhEyzm3aJ/OU4KY5zXpXh3QLe90pbfRrzM9uNn2ac4fHYZ9f0PaqHHnzRjY0sDmKYIQxRgcEHHTkVW4jko1mWUQtE4kPAUjBrp9OtnSOG1jUvPIQML1LHtVuG3uZnVIomLN0yMVT1PVotLjktdLnWbUZFKS3SfctgeoQ/xP2z2+tGwGd4yuo5dUj063cPb6ahhLjkPMTmUj2BAX/gNYMhp5VI0CIMBRgVC/wBakZE54qF6kc1AxoAQnms7XP8AUH6Vf71n62f3BoAb4d/5Bmof7sP/AKGa+5f2F1UfDLVnAO5tXfdz6RoK+HfC0Rn07VUVtrCBGU46EFiP1Ffbv7As7Xvwavr5ovLMmszLjOc4jiyfzJH4UAfQ1FFFABRRRQB8t/teNj4peF+f+YbJ/wCjDXnUjV6D+2CcfFTwuR1/syT/ANGGvN5G5PpQAO1V5H6+ppZHzVeR/f60ANlftniqkjcVJK1V5GJNAELsUlWaN3jlX7roxVh+IqIXUkVxJcpHbfaJDmSX7OgeQ+rEAEn3NErc1WlNAC32oX10jRy3BETDDRxgIpHuFxn8c1mvhRtAwPSp5TVWU0ARSH6VXkPFSyGq8hz1oAjeoWPNPc5qJjQA3JzVDW/9QfpV3PNUdb/1BoAn8Ff8euqf9e4/9mr7V/4J7sG+AkwH8Ot3IP8A3xEf618VeCv+PTVf+vdf/Zq+0v8AgnmMfAe6Prrtwf8AyHDQB9G0UUUAFFFFAHyp+2McfFTwsf8AqGyf+jDXmkrnJwePrXo/7ZbD/hafhYemmvn/AL+GvMpCM0AJI2B/Oq8j/j6UrseScVDI1AEcjdBVeRvUnNPkbjFV5G7npQBFK35VWkJPGakkaq8jZFAEUhA6mq0jVLIc1XkbnFAEUnpUEh7VI5qB/rQAxzULn0p7n8aibg0AIOoqhrf+pNXs81Q1o/uTQBa8E/8AHpqn/XBf/Zq+0/8Agnn/AMkHuf8AsOXP/ouGvivwT/x6ar/1wX/2avtT/gnn/wAkHuf+w5cf+i4qAPoyiiigAooooA+Tf2zjj4qeFvU6a/8A6MavMJG56816X+2i2Pix4V5/5hbn/wAimvL5GHPPWgBjtmoJGHrTnPHWoHb1NADHNV5G/wD1U+RhVeRvU5oAjkY5qvIcd6kc+tV5DQBFIagcntUj8d6gc4oAjc9agepHNQueaAGOaiant3qJzQAmeRVDWf8AUmro61S1j/Un6UAW/BP/AB6ar/1wX/2avtT/AIJ6f8kGuP8AsOXP/ouKvirwSP8ARNV5/wCWC/8As1fa3/BPX/kgs/GP+J3c/j8kVAH0XRRRQAUUUUAfIv7axx8W/Cf/AGDH/wDRrV5dI3J5r0/9to4+LXhMf9Qx/wD0a1eWSMcnmgBjH16VXkPOakc/jUDk+35UAMkPU1Wc88VLIx7VXkbmgCNz61XkPepJD71A7e9AETmoHqV6gc0ARueaic1I5qBz70AMc1ExOaex61GxzQAg681S1j/Umrg61S1f/U0AW/BP/HpquP8AngP/AGavtr/gnyMfAJj66zcn/wAdjr4l8E/8emq/9cB/7NX27/wT8P8Axj+v/YXuf5JQB9C0UUUAFFFFAHyD+23/AMlc8Jj/AKhb/wDo1q8qkxk4r1P9t3I+L3hT/sFP/wCjWrymUnOaAI3NQSEE1K5qBznpQBExqCQ1K5FQSGgCJzUDkc96kc4qCQ0ARuagc9cU9zUL80ARvzUTHBqRzUTUAMY1Exp7Go260AAPOapax/qTVzvzVLV/9SaALngj/j11X/rgP/Zq+3P+CfRB+AJHprFyD/3zHXxF4H/499U/64D/ANmr7Y/4J5/8kGuf+w5cf+i4aAPoyiiigAooooA+PP24Dj4veFP+wU//AKNavKJWOc16r+3EcfF/wr1/5BLf+jWryeU80ARufwzUDt+VSOahc5oAiduKhkJqRyO1QOfz96AI3+tQOe9SufwqBjQBG55qF6kYjkVC9AEbmomNSMSKiagBjnvURcE4Bq3p8aS6tZRScxvcRqy+oLAEVoeJdW+1tPZf8I/punKkxAmt4GR8AkYyTjBoAxB1qlq/+qq4OMVT1f8A1RoAueB/9Rqn/XuP/Zq+1/8Agnn/AMkHuf8AsOXH/ouGvifwR/qNUH/TuP8A2avtj/gnl/yQa5/7Dtx/6LhoA+jaKKKACiiigD44/bjOPjB4V/7BLf8Ao168mlOD1r1f9uY/8Xh8K/8AYJb/ANGvXksh59qAI3NQyHrmnsahc0ARuc1C5qSQ81A5oAjc1CxqSQ+tQv1oAjY571C9SOT61E3SgCNjUbGnNUbmgB1qglv7WIkqHmRdw6jLAZHvXQ+M9Qu9RjZotQvZNOUBmt7qbzGDiR485AH9zP41zlsHN7biNtshmQK3odwwa6bVptO1RpNOi1KzimlmAdodMaIu4JABYMeM0AciO1VNW/1Rq2pzwRjFVNW/1VAFzwR/qNU/69x/7NX2x/wTy/5IPdf9h24/9Fw18T+CP9Rqn/XuP/Zq+2P+CeX/ACQe6/7Dtx/6LhoA+jaKKKACiiigD40/boP/ABeHwr/2CG/9HPXkkhr1r9uk/wDF4vCo/wCoQ3/o568ilNADHOf8agc+lPY8e9ROe+cUARuePSoXNSOahc0ARvmoX7809j2qJj+VAEb1E9SOahfHrQAxzUbU9utRuTQAkbtHcwyJjKSKwz04Pf2rX1n7LBayyWcUEUs0qs7R3wlIIJPAwCOe9Y8W37TCW6eYufzFaWpHVbgzxXNnKw35jK24G3BPcD0oAyV7VU1b/UmrSmquq48qgC34IP7jVP8Ar3H/ALNX2x/wTx/5IPd/9h24/wDRUNfE/gj/AFOqf9e4/wDZq+2P+CeP/JB7v/sO3H/oqGgD6OooooAKKKKAPjD9uw4+MfhX/sEH/wBHPXkMhr1z9u5tvxl8KZ76Qf8A0dJXkMhOaAGMfTFQuaex96ic8cUARueahc89akY1ExoAjc1C9SOahYnrQAxzUTU9zk9aiagBrGom/Wnk80xqAGgAyIp6FgD9CasSyYtNi7lkUsfM3nJG9hj8gKr7HfIRGcqNxC9cDvT7uSaWQySS+cMAGQdOmcUAQrVTVf8AVVbHWqmq/wCq4oAt+CP9Tqf/AF7/AONfbP8AwTw/5IPd/wDYduP/AEVDXxN4J/1Op/8AXv8A419s/wDBPD/kg93/ANh24/8ARUNAH0dRRRQAUUUUAfFf7eeP+FyeFP8AsEH/ANHSV5BIea9g/by/5LJ4UH/UIP8A6OkrxxWkubmS3tImnkiG6UqMiMZxkn6mgBrHvUTmtO48O+IYjOGtIWaFPMZVl5Mecb17MPcVXk0TWxJHGunmQyxebH5cgPmKOu31IweBzwaAM5zUTn86tNY6hthb7FKROxWIjB3HOCOO/I49xVeS3ulV2a3kVUbY5KH5W9D+RoArueOaic5PpU7wzAspjYFfvAjGKiMMv93PpzQBC3TrUROamaGY/wDLNuajaGcA/un/AO+aAIWphp7JIOsbj8KjY+1ACB5Yj5kD7JMEA/0PtUlxMpXybdPKgJDFep3fWoSwppYZoAUdRVXVf9VVoVU1X/U0AW/BP+q1P/r3/wAa+2v+CeH/ACQe7/7Dtx/6Khr4k8Ff6rU/+vf/ABr7a/4J3/8AJB7z/sPXH/oqGgD6PooooAKKKKAPiv8Ab1hvp/i94YTT7d55zox2hBnb++cZ/MiuZ8J6TFoemW0VsY5LqVTJHcN925cgb4JPQ8HGcH8xXt/7UulW83jfTb263xifQLlIJkHKSQTxSnHr8hc4/wBk143cT7oZftEXLRiS9hj6OuPkuYvf5snHHX8ACZplUQ+VM1skcpW0ll+9aTDkwyZ/gJPBP9DVSeaNInV0ktLeOfEqKCW0+fJG5e5Q46fQfWKWZy8hfbcyNETKucLfQA5Ein/nouMn/d9jmm87BoWgkE0rRkWsrj5buLoYZB/eHP6CgCS7nP8ApS3MIO4A38EfTP8ADcR/nk/73vxUlmYzMziO4uDF8392/h9fZ1x79PVea7TKvkfZrhkRHK2c0h5hbnMMnsTn8896pPJGIyGWS3gEg3KeHsZvUD+4ce36cgEzyqUh8llORiymcfeH8UEn54/EdjxQuPsvlggGKDzMIT96zmPY+qkj+uMjBLiZiLgTxAkgG8hXo/pMnbPPP19zirLK5kPKzTNFyf4byL/4sf09uQBJ1tw0zSQAYO27hXqnpKnt7e+Ohqu6EOiqyNNEu5MHC3MXoP8Aax+PXuKb5x/ctDL04tZmH5wv7c+4/A8VnZPL2tvihEmSB961l9R/sn/PIoAcx+QLHdSLHKcwSk8o3dHH9fp70j3MoZpHYhF+S4h2gtEezj1H59/amMzZm8yNSxGbmAfdlXqJE7Z/z3NNBbfEUkEku3/R5SOJk6bH9+3P0z0oAVpLjBiC20s4+ZP3YK3Cdcr7+39RTPNhcA/ZbQwzDEUjJgI391/Q+/Hr0qPMflKQxjt93ytk77WTP57f89ac7HfKZI1L4/0mBeA47SJjjI68fyzQBn3kIjDv5JheNtssWc7PQ/T3rM1X/VV0LAuUUSq8m3/R5m6Sr/cbPftz/hWBrCKkPygqAdpU9V9qALHgr/V6nj/n3/xr7Z/4J3/8kIvP+w9cf+ioa+JfBTAxamc/8u/+Nfb3/BPNCvwFuGIwH1y4I9/3cQ/pQB9GUUUUAFFFFAHmP7R/h7UNV8Cx65oloLzV/DdyNTgtsZ+1RKrLPb+p3xM4wOpC18tXtmv9lWviDwzM9/4auW83Tr5RubT5Dkm0ucfcwTjnjuM19z30skL707DoelfK3xk+FPiTw/4kvfHPwW1h9Iub0mTU9E3hYJ35JZFPyHOT8jDgk4I6UAeSTXsGwje9vGkv3c/NYz9yP9hj/L25q3VxGRPFcI0abh9shj5MTjpPH7Hv7HrzUd98UPHFpcyQeJ/hv4YuJ8eXO0+itFI4Hq0bAHp9KiT4s6J5ySap8KtJ3IhRDbXc0OFOcrgkjHJ/OgBt3dFmnaYrNJIgNyini6jzxKp/vDBJPsT61UM0hmXyZBPMVxE7/du4/wC43+0OmOemO1W4viF8MZYkW7+H2t2hjYvE1nrRPlk9dodeB3xR/wAJD8FLuKZZIfH1g0rbwg+yypE2eq4wR6UAZQnXERhlZFDH7LKx5iPeJ/br+fTk1WkdBG2QYYlf50Gd1rL/AHl/2Tj/ADgV0bN8ILzMi+PNbtnlGJkudHJDn+8drcH3FH/CPeBZ1jaz+MGivcY2EXmn3EKsn91jg/n/AIUActKx3TCWMOQM3MS9HHaVPf8Ax9zhreY0incJJWTKMelxH/db/a47+nsK7AfD6CTaulfEvwJeOnzW+3Vwsi/7BDKOOf8A63Jp5+E3i2VvLs5dDv45DuK2mqQt5T/3l+Yce3FAHEJt/dFJWRNxFvKesLd0b/Z/xzjk0jlBHIHi2x5/0iADmJum9Pb8vT0rsbj4V/ExN8j+ELu4z8swt3jkWYf3gVY/N+HvWTdeC/HFnJtl8J69HJEv7uWTT5NrL/cfjHTjv6UAYZ8wyHO2WcpyOq3Sev8AvD+meopoKlYTHKVQE/Zpj1jPeN/b8xz6E1Jc6fqVtEGuNK1G2g3fKXgdWt5PbI6H/PSqrXIQy+amJODcQngSDs6+/P6+9AEjhfLkLRFY93+kQgcxN/fX2/8A1ela2mWNrP4T8XapqsImisdORYp1HyyTSSKsRz13fe+oBzUPhnQfEfiq9isvDOlXmp3ZGIrhIj5Xl9xK3RQBnljjjHpU3xa1HSdB8NWnwy8O30WotBdG+16+t33wy3eNqwxN/FHGCRnuxJ7UAYGlajYSaDeyWejw6dHDAqySCVpHmfDZJLdAcjgegr7y/Yh0d9J/Zy0B5UZJL+S4vCCOzSsqn8VVT+NfB3grwnrHjDxTonw/0VH+16jcKblgpIgU43O/+yiDcfoR1r9TfDWj2Xh7w7pug6arLZabaRWlurNlhHGgRcnucAc0AaFFFFABRRRQBHNEsow1YWr+HIr1CAcE10NFAHi3iz4P/wBrB/3mc+vNeY69+zvrjAiyvWjXsFAAr63ooA+FdX+AHjhDuUW02P79qhz+lcxqHwW8cwvltB0+UDqBCRn8jX6IFVPVQfwpjQQt96JD+FAH5un4Q+J9xFz4XTn+KN3BH64psfwV1/GZNKlwPXOf0r9IDZWh628Z/wCA006fZHrbR/lQB+ZusfCbVrJWY6dc8dh0rk5/DdxZSst0t1aEfxCIsD+XSv1VudA0m4UrLZRMD/s1z+p/DTwnqGfP02E5/wBmgD8xYftNq5Fr4jmgI54lli/wrWs/Fvju1QCy+IGr7E6KuqyED8C2K+/9R+AngW7yTp0Yz6Cud1D9mPwRcZKWyrQB8eW3xS+L0G0p4xvLhRwBI0cqn8CDVxvjT8V1fZeXGm3RHafSLdsf+OV9L337JvhiTPksU/z9apxfsq2Vu4MN5IAOg3H/ABoA+YvEfxH+JniexfTtS8Rz2thINsltZxpaxuvowjC5Hsab4G+HOu61cxLo2lvcSMfkuJh5dvF/tMx649Bn8a+wtC/Z7stOkEhMbMOclRmu/wBH+HMViFG/gdqAOV/Zp+Ffhv4YabPdRz/2v4n1FcX+psmAFyD5MQPKx5AJ7sQCeihfbVOVB9aydN0dLNQFxxWsowoHoKAFooooA//Z',35000),(12,'Lenovo Thinkpad','Laptop',5,'/9j/4AAQSkZJRgABAQAAAQABAAD/2wBDAAUDBAQEAwUEBAQFBQUGBwwIBwcHBw8LCwkMEQ8SEhEPERETFhwXExQaFRERGCEYGh0dHx8fExciJCIeJBweHx7/2wBDAQUFBQcGBw4ICA4eFBEUHh4eHh4eHh4eHh4eHh4eHh4eHh4eHh4eHh4eHh4eHh4eHh4eHh4eHh4eHh4eHh4eHh7/wAARCAFAAKwDASIAAhEBAxEB/8QAHwAAAQUBAQEBAQEAAAAAAAAAAAECAwQFBgcICQoL/8QAtRAAAgEDAwIEAwUFBAQAAAF9AQIDAAQRBRIhMUEGE1FhByJxFDKBkaEII0KxwRVS0fAkM2JyggkKFhcYGRolJicoKSo0NTY3ODk6Q0RFRkdISUpTVFVWV1hZWmNkZWZnaGlqc3R1dnd4eXqDhIWGh4iJipKTlJWWl5iZmqKjpKWmp6ipqrKztLW2t7i5usLDxMXGx8jJytLT1NXW19jZ2uHi4+Tl5ufo6erx8vP09fb3+Pn6/8QAHwEAAwEBAQEBAQEBAQAAAAAAAAECAwQFBgcICQoL/8QAtREAAgECBAQDBAcFBAQAAQJ3AAECAxEEBSExBhJBUQdhcRMiMoEIFEKRobHBCSMzUvAVYnLRChYkNOEl8RcYGRomJygpKjU2Nzg5OkNERUZHSElKU1RVVldYWVpjZGVmZ2hpanN0dXZ3eHl6goOEhYaHiImKkpOUlZaXmJmaoqOkpaanqKmqsrO0tba3uLm6wsPExcbHyMnK0tPU1dbX2Nna4uPk5ebn6Onq8vP09fb3+Pn6/9oADAMBAAIRAxEAPwD7LooooAKKK4r4hfEbRfCT/YmP23VWXctrG33AejOf4R+p9O9AHa0V846x8S/GmrsyWi3ccbHIjsYWXHtuA3Y/GsSa88e37mQWmsO3cyyP/wCzmgD6nkdI0LyOqKoySxwBWZP4l8OwZ87XtLQjqDdpn8s18sy6D4unZpHsLeJupaWeJT9eTmqcmiasdwn8SeH7VwpcxvqK7sDknC544P5UAfUN34/8G2ozL4gsz/1zJk/9BBrIvvi94CtTj+1pZj38q1lwPxKgflXzK+j6fKIjL470ndNny1hV5PMx1C4HJqmdM8GmOGWTxzdSieQxDydMcKHH8JZjhTz/ABYoA+i7349+DLdiEttUlAz8wSMA/m+f0rn7/wDaU0WEt9n8PXEv93zLpUz9cK2K8Lli+HMMTTyz+LZkhmMFyGhjj8h/9sfeUds9Oo61Hc3HgO0M2PCWtXM9sw86Ca/A/dHpKu0fOvupPHPTmgD1fUf2oLrawtPDNlC38JkvHlH5BF/nXO6l+094udNttZ6Nbt/eFu7fzkNcPPrXhqCSaLTvhzpjzLGJ4ftGozSrcw4yWTOBuA52nB69xioW8YIDHHpXhLwlaxXa7rGV7IuHcHmKQlsq/oemcdjmgDZ1L9oz4k3DZt9bjs8HpBZQEH/vtGrDvfjD8U9Qfzf+Ei1xyf8AngPKU/hGqimy/EjxLHEZ7ZdJ061cmGTytNjD6fOOm4EcqcYz6E8ZGDSuPiR8Rl80zeIrtZbRQLy1iiiUmMjiaIhMkYwTnIGQeh4AIT8WviBBMVm8V+IYnz82b+UN+pI/Su88GftJeP8ARMTakYfF2nRjM9vMiQXkaDqyOg2vj/aUn3HWuKt/iX4iliXTvFlrpvjLT5QXiS8t0je6i7iOVACkq8+vIx1rnPH2j2WgppvirwneXFx4b1Xc1k8v+us5kPz20v8AtL+ooA/QL4W/ELwt8SfDKa/4Vv8A7RBu2TwyLtmt5MZKSL2P5g9QSK6uvzL+FPxGuvhX8UdN8Y6buGiapiPV7JOVaMtiQAf3lPzr9QOhOf0vsrm3vbOC8tJkmt541likQ5V0YZDA+hBBoAlooooAKKKKAOb+JXiU+FPCF3qkMQuL5itvYwH/AJbXEh2xr9MnJ9ga+S/F/ja28F6ithbRrrniy+m8y9v54/NUuSfM8rnACEYLHgEEY4IHu37RGqNb3mlQidIRY21xqCtIcIJ/lggLewMrHPtXxHqt/PYrrevTWoS/e4NtCjKQqIpA+XP8JclvegD1a68fX7LCb/xZqxeLPmKkywo4P8Lbdo46ZGDWRJ4z09/KkfWdQumg3AM135m4HqGwTu6968KvYdQls2v5b66Z3ydxkwGx14HT2rEy7n5pHPrlqcvd3QlrsfQljr2g391Db2Y825iDeX50rK5B+8oLdcjPy57njk1ah1HS/wB2sWklfszHYrSAGInrj5eM47V4TJYS6XDb6hDIyPkMpBwG5PT8Qa9M02/kkuJJwrTSNAHaMdWYDpVONnZiudimsWtucnRLGWEtkxy5PPqDxg++Ksay2nyL/bGmxtNZ6hGw1CxYhpVK43Oh/vLkNn05IwDXbfsx6D4b8S61ft4lt4JrqGBGtrG4fg5zvbH8WMAfjWH8bdM8O6J4mnTwtdi2t1vYFgZJA8UVz5bl0LcjbgqDnpu54zWbl73LYuztc5GSeQMpV4rucQ4iY/6vVLUdUP8A01AwOzcf3gM1BcEfYzaXB3f8wy4cg7eu60mHTvjnj/gJ4rzvD5cnmhrS3EwEqKSX0667Sr38okds4HuFzWupj/pRu4I3cgf2jaxgYdf4buHHGemcY64xgnDEOeaMwKfOls7QT/K3PmaXc5Pfr5ZwTwffGRg17kxn7X9rtRsXH9p2cWAB023MPbvz0646Nwkz3DSNyt1dmDJIY7NTt/f1kXryM/LnqozANjSWf2W6YL839lXc3GOPmtJT264GD/F6NwASSPc/bSxIu71oOp5TVbYjoe5kXHucj1XmkrKEtWtrto41OdMu5SP3TdWglJ4HOcZwOc9DwspiNu5/fWtks2XTnfplz64xkIxHpnjGcjls8pAuDPbRtIR/xMrZCCswz8txFjvyCcEjOT90kAAim8nyZEaJre183Nxb8iSwm7OvfYTj14464NdJ4Zhm8QfD/wAY+D5BH9uWODVrRtwETyxsEMik8KXR9p6ZwO+a5xxIkiMssU1wIi1vKwzHfw45jb/bHTkZz7gZu+K5F8NfDsaJF5ialrwS4uI5f9ZZWedyQE9QWb58emOBk0AcxqfhjV9N0G807XLI29xGFuYPnV1IYEHBUkc7B+Vffn7HmvP4g/Z28KzzSF5rOB7B89hDIyIP+/YSvz+8Ijbp+pxFjt+zqcE8fxV9q/8ABPiUyfAOSMtnydauUA9PljbH/j1AH0RRRRQAUUUUAfOv7T+pW1p43tLLUMGwuvD8/nBugKSb1P4YNfJHie0jla9sFvZrixvP9L0y5Y5zGcHaP9xhyo7HNfVP7VQU/FTwyrqHRtMlDKRkEeZXguseE7jRZJra1019b8NXL+YttER9p0+TrmPJG5R7EHBx70AePTjVbi0TT/3SwrnDbzs56444zVeHRrjzPL86346sHyP05Neo2+ipvib/AIRTXpZMFbjIKFs5w6szcEDHByOPepYtC1BWgP8Awh9xIVDLP5l1GgkBGFbhyQwyT3HA465bd9wPOoNPlEiCaaa58kjyowhxn157V3HhOAWsLTXk8STN1UuPlHp1rRh8P6vGIG/4RrTd8W5X8y5XEqHoCAvBHPzDnp6UQ+Hteijh/c6Ojw5C5ZjuU9VYBfmHXrzRcVi8l1YPKAdWt4GHWRZclR3Py5OPU03UrxZpY7W0hM1jbRM32eTH+nRORvmjx/GCoA5yNvswqlD4e1mAQn+0rBJLdiYnEDOVB6rksMr1OCO5qNNBv4xGp1rYIpTLEIrYL5bHrjJOB7dKGxjmlcSReU0dzMIv9Hdx8moW+fmhk/6aD35468LVYTIDbNbTyIAT/ZtzJ1hYfetpfUc8dR83+0cObQmGRJqt0QZfOCoqIFf+8ABwenT0HpUUmjQfvTJeXsnnNvlBlwHbnk4AyeTz70gI2MBhZWZrW2E53qPv6bc+o/2GI9un+zyS7V+0m7jOHYDUrdCPnH8NxD6nnJ69c9Dw2XS7PzC7m4kYjBL3DnP61XfTbANu+zKzerEn+dAD57hopGLTW1xcRRAM5bEd9b4GA3o4GPQ8f3qqtdWULRLDeIoQGSyuGI3R+sUo7g8joRz6E05rS0U8WsOf9wU0pGvKxoPooFAD9G1G3i1OG6fTFurFJBcG0m4jWYdNh6lScEgYB6HoKzfGF5d6ldXOpX87T3dy5klkbqSf5DtirpJJrL8QH9wfpQBW0YbtE1gH/n1X+Zr7X/4J5W6w/AW4kUnM+uXEjfXy4l/kor4q0BVfR9Z3KGxaAjPY/NzX23/wT6/5IB/3GLn+UdAH0PRRRQAUUUUAfM37VZA+K3hb306X/wBGVxjAj6+ldn+1Spb4teFvRdMlJ/7+VxcudxwaAIpJG6Z/Gq0mT3qw4AODxVeYDkD0oAqykgYzz9aqTdatyYI9Paqc3X1zQBUmqnNjFWbyWOEAu2CxwoxksfQDqTUE8Vyg3TRLbIehuJFQ/wDfPLfmKAKMx6/zqnN9KtxlLyZ7eyuba7nj+/FBMrSD/gBwx/AVTlPLLjaynDAjBB9xQBUl65qtLVmY4JxVSU9aAIJOagY1M5z34qBzQAwkZ61m+IP9Sa0ST2rM1/8A1B+lAEWglhous7V3E2qgjPQZbJr7b/4J8kH4AHBzjWLnP/fMdfE/hiZYNP1WV/ui3UYAzkksAK+1f+Cfls1n8FNQtpdgkGuzsQrZ4MMOP5EfhQB9FUUUUAFFFFAHzV+1Rx8UfDJ/6hsn/oyuHY8HuQa7f9qrH/C0fDOf+gbL/wCjK4WRiO1AEch696rvj6VM596rSn1P5UAV5eWIB4qjfS+UgO0F2OEUnAJxkknsAMknsAauynJ7Vy/ihbu5tWngdVgMnlM3IJjU/MF+rgg/7g96AJNM1tba7kltbYXV0RtEzjGR7D+Ffbqe+afcT3l5L5t5cEv6RjaB+PWq9hbrbwKoA3tyx/pUpePLKHRnUZ2g81SQhuxFb5Tsc9+pP51ZkgTWQLa4dY9QAxbXJ43nsj+oPr2/SsyzJ8wzTuFc/dVjg/l2q4w4yOo5BFG4HOzCRHkiljaOWNikiN1VgcEGqspro/Gied9h1sABroG3usdDNGBhvqyH/wAdNc1KRUjIZCKryVNJUDmgBjdazde/1B+laJIzWbrx/cH6UAQ6D/yDNQ/3Yf8A0M19yfsLEH4X6oQc/wDE3kB/74SvhvQD/wASzUP92H/0M19xfsKRqvwx1dxnc+ryFj/2zQfyoA+g6KKKACiiigD5o/asOPih4Y/7B0v/AKMrg5GPOTXdftYf8lP8Mc/8w6X/ANGVwMjDPWgBkhHODVdyATUkhHrzVaRvegCG4k2Rs/YDJqr4khW38NeG7cD5rhPOk98KD/NqluRvidT3BFV9euPtWjeG5epit2ib2O1cfyoQHP8AiC7a0swsTbZJW2g9wO5rBt22kEE59a0vGKkQWsvOA5U/iP8A61Y0D9KpiRrQuSeeSa24U8uIISSR1rnIX6EHkV0NvOlxEHXjH3h6GhAxdbw3g+5U/wDLK9gkT6kOp/Q1yTnIzXU+IWEXhXk/Nc3yIv0RWY/zX865RzSe40ROaruePapXPNQuaQEZPNZ+u/6g1oHqKztc/wBQfTFAEegf8g3Uf92H/wBDNfcv7C4A+FepHepY6vJlRn5fkTvXwz4e/wCQZqP+7D/6Ga+5v2F/+SX6of8AqLyf+gJQB9AUUUUAFFFFAHzH+1mcfFDwx/2DpP8A0ZXn0jDPXIrvf2tz/wAXS8Mf9g2T/wBGV53KeT6UAEjYHHpVeRjjg052I6mq7tx2oAZI3rzXGeLNRv8ASL3T3abOirPsmQqPkL5KPnrj7y/8A9xXWysazdUt4by2kgnhWaN1KPGxwHU9V9uQCD2IBoAh1S1W/wBPkt1YfOA0behHSuNhEyzm3aJ/OU4KY5zXpXh3QLe90pbfRrzM9uNn2ac4fHYZ9f0PaqHHnzRjY0sDmKYIQxRgcEHHTkVW4jko1mWUQtE4kPAUjBrp9OtnSOG1jUvPIQML1LHtVuG3uZnVIomLN0yMVT1PVotLjktdLnWbUZFKS3SfctgeoQ/xP2z2+tGwGd4yuo5dUj063cPb6ahhLjkPMTmUj2BAX/gNYMhp5VI0CIMBRgVC/wBakZE54qF6kc1AxoAQnms7XP8AUH6Vf71n62f3BoAb4d/5Bmof7sP/AKGa+5f2F1UfDLVnAO5tXfdz6RoK+HfC0Rn07VUVtrCBGU46EFiP1Ffbv7As7Xvwavr5ovLMmszLjOc4jiyfzJH4UAfQ1FFFABRRRQB8t/teNj4peF+f+YbJ/wCjDXnUjV6D+2CcfFTwuR1/syT/ANGGvN5G5PpQAO1V5H6+ppZHzVeR/f60ANlftniqkjcVJK1V5GJNAELsUlWaN3jlX7roxVh+IqIXUkVxJcpHbfaJDmSX7OgeQ+rEAEn3NErc1WlNAC32oX10jRy3BETDDRxgIpHuFxn8c1mvhRtAwPSp5TVWU0ARSH6VXkPFSyGq8hz1oAjeoWPNPc5qJjQA3JzVDW/9QfpV3PNUdb/1BoAn8Ff8euqf9e4/9mr7V/4J7sG+AkwH8Ot3IP8A3xEf618VeCv+PTVf+vdf/Zq+0v8AgnmMfAe6Prrtwf8AyHDQB9G0UUUAFFFFAHyp+2McfFTwsf8AqGyf+jDXmkrnJwePrXo/7ZbD/hafhYemmvn/AL+GvMpCM0AJI2B/Oq8j/j6UrseScVDI1AEcjdBVeRvUnNPkbjFV5G7npQBFK35VWkJPGakkaq8jZFAEUhA6mq0jVLIc1XkbnFAEUnpUEh7VI5qB/rQAxzULn0p7n8aibg0AIOoqhrf+pNXs81Q1o/uTQBa8E/8AHpqn/XBf/Zq+0/8Agnn/AMkHuf8AsOXP/ouGvivwT/x6ar/1wX/2avtT/gnn/wAkHuf+w5cf+i4qAPoyiiigAooooA+Tf2zjj4qeFvU6a/8A6MavMJG56816X+2i2Pix4V5/5hbn/wAimvL5GHPPWgBjtmoJGHrTnPHWoHb1NADHNV5G/wD1U+RhVeRvU5oAjkY5qvIcd6kc+tV5DQBFIagcntUj8d6gc4oAjc9agepHNQueaAGOaiant3qJzQAmeRVDWf8AUmro61S1j/Un6UAW/BP/AB6ar/1wX/2avtT/AIJ6f8kGuP8AsOXP/ouKvirwSP8ARNV5/wCWC/8As1fa3/BPX/kgs/GP+J3c/j8kVAH0XRRRQAUUUUAfIv7axx8W/Cf/AGDH/wDRrV5dI3J5r0/9to4+LXhMf9Qx/wD0a1eWSMcnmgBjH16VXkPOakc/jUDk+35UAMkPU1Wc88VLIx7VXkbmgCNz61XkPepJD71A7e9AETmoHqV6gc0ARueaic1I5qBz70AMc1ExOaex61GxzQAg681S1j/Umrg61S1f/U0AW/BP/HpquP8AngP/AGavtr/gnyMfAJj66zcn/wAdjr4l8E/8emq/9cB/7NX27/wT8P8Axj+v/YXuf5JQB9C0UUUAFFFFAHyD+23/AMlc8Jj/AKhb/wDo1q8qkxk4r1P9t3I+L3hT/sFP/wCjWrymUnOaAI3NQSEE1K5qBznpQBExqCQ1K5FQSGgCJzUDkc96kc4qCQ0ARuagc9cU9zUL80ARvzUTHBqRzUTUAMY1Exp7Go260AAPOapax/qTVzvzVLV/9SaALngj/j11X/rgP/Zq+3P+CfRB+AJHprFyD/3zHXxF4H/499U/64D/ANmr7Y/4J5/8kGuf+w5cf+i4aAPoyiiigAooooA+PP24Dj4veFP+wU//AKNavKJWOc16r+3EcfF/wr1/5BLf+jWryeU80ARufwzUDt+VSOahc5oAiduKhkJqRyO1QOfz96AI3+tQOe9SufwqBjQBG55qF6kYjkVC9AEbmomNSMSKiagBjnvURcE4Bq3p8aS6tZRScxvcRqy+oLAEVoeJdW+1tPZf8I/punKkxAmt4GR8AkYyTjBoAxB1qlq/+qq4OMVT1f8A1RoAueB/9Rqn/XuP/Zq+1/8Agnn/AMkHuf8AsOXH/ouGvifwR/qNUH/TuP8A2avtj/gnl/yQa5/7Dtx/6LhoA+jaKKKACiiigD44/bjOPjB4V/7BLf8Ao168mlOD1r1f9uY/8Xh8K/8AYJb/ANGvXksh59qAI3NQyHrmnsahc0ARuc1C5qSQ81A5oAjc1CxqSQ+tQv1oAjY571C9SOT61E3SgCNjUbGnNUbmgB1qglv7WIkqHmRdw6jLAZHvXQ+M9Qu9RjZotQvZNOUBmt7qbzGDiR485AH9zP41zlsHN7biNtshmQK3odwwa6bVptO1RpNOi1KzimlmAdodMaIu4JABYMeM0AciO1VNW/1Rq2pzwRjFVNW/1VAFzwR/qNU/69x/7NX2x/wTy/5IPdf9h24/9Fw18T+CP9Rqn/XuP/Zq+2P+CeX/ACQe6/7Dtx/6LhoA+jaKKKACiiigD40/boP/ABeHwr/2CG/9HPXkkhr1r9uk/wDF4vCo/wCoQ3/o568ilNADHOf8agc+lPY8e9ROe+cUARuePSoXNSOahc0ARvmoX7809j2qJj+VAEb1E9SOahfHrQAxzUbU9utRuTQAkbtHcwyJjKSKwz04Pf2rX1n7LBayyWcUEUs0qs7R3wlIIJPAwCOe9Y8W37TCW6eYufzFaWpHVbgzxXNnKw35jK24G3BPcD0oAyV7VU1b/UmrSmquq48qgC34IP7jVP8Ar3H/ALNX2x/wTx/5IPd/9h24/wDRUNfE/gj/AFOqf9e4/wDZq+2P+CeP/JB7v/sO3H/oqGgD6OooooAKKKKAPjD9uw4+MfhX/sEH/wBHPXkMhr1z9u5tvxl8KZ76Qf8A0dJXkMhOaAGMfTFQuaex96ic8cUARueahc89akY1ExoAjc1C9SOahYnrQAxzUTU9zk9aiagBrGom/Wnk80xqAGgAyIp6FgD9CasSyYtNi7lkUsfM3nJG9hj8gKr7HfIRGcqNxC9cDvT7uSaWQySS+cMAGQdOmcUAQrVTVf8AVVbHWqmq/wCq4oAt+CP9Tqf/AF7/AONfbP8AwTw/5IPd/wDYduP/AEVDXxN4J/1Op/8AXv8A419s/wDBPD/kg93/ANh24/8ARUNAH0dRRRQAUUUUAfFf7eeP+FyeFP8AsEH/ANHSV5BIea9g/by/5LJ4UH/UIP8A6OkrxxWkubmS3tImnkiG6UqMiMZxkn6mgBrHvUTmtO48O+IYjOGtIWaFPMZVl5Mecb17MPcVXk0TWxJHGunmQyxebH5cgPmKOu31IweBzwaAM5zUTn86tNY6hthb7FKROxWIjB3HOCOO/I49xVeS3ulV2a3kVUbY5KH5W9D+RoArueOaic5PpU7wzAspjYFfvAjGKiMMv93PpzQBC3TrUROamaGY/wDLNuajaGcA/un/AO+aAIWphp7JIOsbj8KjY+1ACB5Yj5kD7JMEA/0PtUlxMpXybdPKgJDFep3fWoSwppYZoAUdRVXVf9VVoVU1X/U0AW/BP+q1P/r3/wAa+2v+CeH/ACQe7/7Dtx/6Khr4k8Ff6rU/+vf/ABr7a/4J3/8AJB7z/sPXH/oqGgD6PooooAKKKKAPiv8Ab1hvp/i94YTT7d55zox2hBnb++cZ/MiuZ8J6TFoemW0VsY5LqVTJHcN925cgb4JPQ8HGcH8xXt/7UulW83jfTb263xifQLlIJkHKSQTxSnHr8hc4/wBk143cT7oZftEXLRiS9hj6OuPkuYvf5snHHX8ACZplUQ+VM1skcpW0ll+9aTDkwyZ/gJPBP9DVSeaNInV0ktLeOfEqKCW0+fJG5e5Q46fQfWKWZy8hfbcyNETKucLfQA5Ein/nouMn/d9jmm87BoWgkE0rRkWsrj5buLoYZB/eHP6CgCS7nP8ApS3MIO4A38EfTP8ADcR/nk/73vxUlmYzMziO4uDF8392/h9fZ1x79PVea7TKvkfZrhkRHK2c0h5hbnMMnsTn8896pPJGIyGWS3gEg3KeHsZvUD+4ce36cgEzyqUh8llORiymcfeH8UEn54/EdjxQuPsvlggGKDzMIT96zmPY+qkj+uMjBLiZiLgTxAkgG8hXo/pMnbPPP19zirLK5kPKzTNFyf4byL/4sf09uQBJ1tw0zSQAYO27hXqnpKnt7e+Ohqu6EOiqyNNEu5MHC3MXoP8Aax+PXuKb5x/ctDL04tZmH5wv7c+4/A8VnZPL2tvihEmSB961l9R/sn/PIoAcx+QLHdSLHKcwSk8o3dHH9fp70j3MoZpHYhF+S4h2gtEezj1H59/amMzZm8yNSxGbmAfdlXqJE7Z/z3NNBbfEUkEku3/R5SOJk6bH9+3P0z0oAVpLjBiC20s4+ZP3YK3Cdcr7+39RTPNhcA/ZbQwzDEUjJgI391/Q+/Hr0qPMflKQxjt93ytk77WTP57f89ac7HfKZI1L4/0mBeA47SJjjI68fyzQBn3kIjDv5JheNtssWc7PQ/T3rM1X/VV0LAuUUSq8m3/R5m6Sr/cbPftz/hWBrCKkPygqAdpU9V9qALHgr/V6nj/n3/xr7Z/4J3/8kIvP+w9cf+ioa+JfBTAxamc/8u/+Nfb3/BPNCvwFuGIwH1y4I9/3cQ/pQB9GUUUUAFFFFAHmP7R/h7UNV8Cx65oloLzV/DdyNTgtsZ+1RKrLPb+p3xM4wOpC18tXtmv9lWviDwzM9/4auW83Tr5RubT5Dkm0ucfcwTjnjuM19z30skL707DoelfK3xk+FPiTw/4kvfHPwW1h9Iub0mTU9E3hYJ35JZFPyHOT8jDgk4I6UAeSTXsGwje9vGkv3c/NYz9yP9hj/L25q3VxGRPFcI0abh9shj5MTjpPH7Hv7HrzUd98UPHFpcyQeJ/hv4YuJ8eXO0+itFI4Hq0bAHp9KiT4s6J5ySap8KtJ3IhRDbXc0OFOcrgkjHJ/OgBt3dFmnaYrNJIgNyini6jzxKp/vDBJPsT61UM0hmXyZBPMVxE7/du4/wC43+0OmOemO1W4viF8MZYkW7+H2t2hjYvE1nrRPlk9dodeB3xR/wAJD8FLuKZZIfH1g0rbwg+yypE2eq4wR6UAZQnXERhlZFDH7LKx5iPeJ/br+fTk1WkdBG2QYYlf50Gd1rL/AHl/2Tj/ADgV0bN8ILzMi+PNbtnlGJkudHJDn+8drcH3FH/CPeBZ1jaz+MGivcY2EXmn3EKsn91jg/n/AIUActKx3TCWMOQM3MS9HHaVPf8Ax9zhreY0incJJWTKMelxH/db/a47+nsK7AfD6CTaulfEvwJeOnzW+3Vwsi/7BDKOOf8A63Jp5+E3i2VvLs5dDv45DuK2mqQt5T/3l+Yce3FAHEJt/dFJWRNxFvKesLd0b/Z/xzjk0jlBHIHi2x5/0iADmJum9Pb8vT0rsbj4V/ExN8j+ELu4z8swt3jkWYf3gVY/N+HvWTdeC/HFnJtl8J69HJEv7uWTT5NrL/cfjHTjv6UAYZ8wyHO2WcpyOq3Sev8AvD+meopoKlYTHKVQE/Zpj1jPeN/b8xz6E1Jc6fqVtEGuNK1G2g3fKXgdWt5PbI6H/PSqrXIQy+amJODcQngSDs6+/P6+9AEjhfLkLRFY93+kQgcxN/fX2/8A1ela2mWNrP4T8XapqsImisdORYp1HyyTSSKsRz13fe+oBzUPhnQfEfiq9isvDOlXmp3ZGIrhIj5Xl9xK3RQBnljjjHpU3xa1HSdB8NWnwy8O30WotBdG+16+t33wy3eNqwxN/FHGCRnuxJ7UAYGlajYSaDeyWejw6dHDAqySCVpHmfDZJLdAcjgegr7y/Yh0d9J/Zy0B5UZJL+S4vCCOzSsqn8VVT+NfB3grwnrHjDxTonw/0VH+16jcKblgpIgU43O/+yiDcfoR1r9TfDWj2Xh7w7pug6arLZabaRWlurNlhHGgRcnucAc0AaFFFFABRRRQBHNEsow1YWr+HIr1CAcE10NFAHi3iz4P/wBrB/3mc+vNeY69+zvrjAiyvWjXsFAAr63ooA+FdX+AHjhDuUW02P79qhz+lcxqHwW8cwvltB0+UDqBCRn8jX6IFVPVQfwpjQQt96JD+FAH5un4Q+J9xFz4XTn+KN3BH64psfwV1/GZNKlwPXOf0r9IDZWh628Z/wCA006fZHrbR/lQB+ZusfCbVrJWY6dc8dh0rk5/DdxZSst0t1aEfxCIsD+XSv1VudA0m4UrLZRMD/s1z+p/DTwnqGfP02E5/wBmgD8xYftNq5Fr4jmgI54lli/wrWs/Fvju1QCy+IGr7E6KuqyED8C2K+/9R+AngW7yTp0Yz6Cud1D9mPwRcZKWyrQB8eW3xS+L0G0p4xvLhRwBI0cqn8CDVxvjT8V1fZeXGm3RHafSLdsf+OV9L337JvhiTPksU/z9apxfsq2Vu4MN5IAOg3H/ABoA+YvEfxH+JniexfTtS8Rz2thINsltZxpaxuvowjC5Hsab4G+HOu61cxLo2lvcSMfkuJh5dvF/tMx649Bn8a+wtC/Z7stOkEhMbMOclRmu/wBH+HMViFG/gdqAOV/Zp+Ffhv4YabPdRz/2v4n1FcX+psmAFyD5MQPKx5AJ7sQCeihfbVOVB9aydN0dLNQFxxWsowoHoKAFooooA//Z',50000),(13,'Iphone4','Apple',1,'/9j/4AAQSkZJRgABAQAAAQABAAD/2wBDAAUDBAQEAwUEBAQFBQUGBwwIBwcHBw8LCwkMEQ8SEhEPERETFhwXExQaFRERGCEYGh0dHx8fExciJCIeJBweHx7/2wBDAQUFBQcGBw4ICA4eFBEUHh4eHh4eHh4eHh4eHh4eHh4eHh4eHh4eHh4eHh4eHh4eHh4eHh4eHh4eHh4eHh4eHh7/wAARCAFAAKwDASIAAhEBAxEB/8QAHwAAAQUBAQEBAQEAAAAAAAAAAAECAwQFBgcICQoL/8QAtRAAAgEDAwIEAwUFBAQAAAF9AQIDAAQRBRIhMUEGE1FhByJxFDKBkaEII0KxwRVS0fAkM2JyggkKFhcYGRolJicoKSo0NTY3ODk6Q0RFRkdISUpTVFVWV1hZWmNkZWZnaGlqc3R1dnd4eXqDhIWGh4iJipKTlJWWl5iZmqKjpKWmp6ipqrKztLW2t7i5usLDxMXGx8jJytLT1NXW19jZ2uHi4+Tl5ufo6erx8vP09fb3+Pn6/8QAHwEAAwEBAQEBAQEBAQAAAAAAAAECAwQFBgcICQoL/8QAtREAAgECBAQDBAcFBAQAAQJ3AAECAxEEBSExBhJBUQdhcRMiMoEIFEKRobHBCSMzUvAVYnLRChYkNOEl8RcYGRomJygpKjU2Nzg5OkNERUZHSElKU1RVVldYWVpjZGVmZ2hpanN0dXZ3eHl6goOEhYaHiImKkpOUlZaXmJmaoqOkpaanqKmqsrO0tba3uLm6wsPExcbHyMnK0tPU1dbX2Nna4uPk5ebn6Onq8vP09fb3+Pn6/9oADAMBAAIRAxEAPwD7LooooAKKK4r4hfEbRfCT/YmP23VWXctrG33AejOf4R+p9O9AHa0V846x8S/GmrsyWi3ccbHIjsYWXHtuA3Y/GsSa88e37mQWmsO3cyyP/wCzmgD6nkdI0LyOqKoySxwBWZP4l8OwZ87XtLQjqDdpn8s18sy6D4unZpHsLeJupaWeJT9eTmqcmiasdwn8SeH7VwpcxvqK7sDknC544P5UAfUN34/8G2ozL4gsz/1zJk/9BBrIvvi94CtTj+1pZj38q1lwPxKgflXzK+j6fKIjL470ndNny1hV5PMx1C4HJqmdM8GmOGWTxzdSieQxDydMcKHH8JZjhTz/ABYoA+i7349+DLdiEttUlAz8wSMA/m+f0rn7/wDaU0WEt9n8PXEv93zLpUz9cK2K8Lli+HMMTTyz+LZkhmMFyGhjj8h/9sfeUds9Oo61Hc3HgO0M2PCWtXM9sw86Ca/A/dHpKu0fOvupPHPTmgD1fUf2oLrawtPDNlC38JkvHlH5BF/nXO6l+094udNttZ6Nbt/eFu7fzkNcPPrXhqCSaLTvhzpjzLGJ4ftGozSrcw4yWTOBuA52nB69xioW8YIDHHpXhLwlaxXa7rGV7IuHcHmKQlsq/oemcdjmgDZ1L9oz4k3DZt9bjs8HpBZQEH/vtGrDvfjD8U9Qfzf+Ei1xyf8AngPKU/hGqimy/EjxLHEZ7ZdJ061cmGTytNjD6fOOm4EcqcYz6E8ZGDSuPiR8Rl80zeIrtZbRQLy1iiiUmMjiaIhMkYwTnIGQeh4AIT8WviBBMVm8V+IYnz82b+UN+pI/Su88GftJeP8ARMTakYfF2nRjM9vMiQXkaDqyOg2vj/aUn3HWuKt/iX4iliXTvFlrpvjLT5QXiS8t0je6i7iOVACkq8+vIx1rnPH2j2WgppvirwneXFx4b1Xc1k8v+us5kPz20v8AtL+ooA/QL4W/ELwt8SfDKa/4Vv8A7RBu2TwyLtmt5MZKSL2P5g9QSK6uvzL+FPxGuvhX8UdN8Y6buGiapiPV7JOVaMtiQAf3lPzr9QOhOf0vsrm3vbOC8tJkmt541likQ5V0YZDA+hBBoAlooooAKKKKAOb+JXiU+FPCF3qkMQuL5itvYwH/AJbXEh2xr9MnJ9ga+S/F/ja28F6ithbRrrniy+m8y9v54/NUuSfM8rnACEYLHgEEY4IHu37RGqNb3mlQidIRY21xqCtIcIJ/lggLewMrHPtXxHqt/PYrrevTWoS/e4NtCjKQqIpA+XP8JclvegD1a68fX7LCb/xZqxeLPmKkywo4P8Lbdo46ZGDWRJ4z09/KkfWdQumg3AM135m4HqGwTu6968KvYdQls2v5b66Z3ydxkwGx14HT2rEy7n5pHPrlqcvd3QlrsfQljr2g391Db2Y825iDeX50rK5B+8oLdcjPy57njk1ah1HS/wB2sWklfszHYrSAGInrj5eM47V4TJYS6XDb6hDIyPkMpBwG5PT8Qa9M02/kkuJJwrTSNAHaMdWYDpVONnZiudimsWtucnRLGWEtkxy5PPqDxg++Ksay2nyL/bGmxtNZ6hGw1CxYhpVK43Oh/vLkNn05IwDXbfsx6D4b8S61ft4lt4JrqGBGtrG4fg5zvbH8WMAfjWH8bdM8O6J4mnTwtdi2t1vYFgZJA8UVz5bl0LcjbgqDnpu54zWbl73LYuztc5GSeQMpV4rucQ4iY/6vVLUdUP8A01AwOzcf3gM1BcEfYzaXB3f8wy4cg7eu60mHTvjnj/gJ4rzvD5cnmhrS3EwEqKSX0667Sr38okds4HuFzWupj/pRu4I3cgf2jaxgYdf4buHHGemcY64xgnDEOeaMwKfOls7QT/K3PmaXc5Pfr5ZwTwffGRg17kxn7X9rtRsXH9p2cWAB023MPbvz0646Nwkz3DSNyt1dmDJIY7NTt/f1kXryM/LnqozANjSWf2W6YL839lXc3GOPmtJT264GD/F6NwASSPc/bSxIu71oOp5TVbYjoe5kXHucj1XmkrKEtWtrto41OdMu5SP3TdWglJ4HOcZwOc9DwspiNu5/fWtks2XTnfplz64xkIxHpnjGcjls8pAuDPbRtIR/xMrZCCswz8txFjvyCcEjOT90kAAim8nyZEaJre183Nxb8iSwm7OvfYTj14464NdJ4Zhm8QfD/wAY+D5BH9uWODVrRtwETyxsEMik8KXR9p6ZwO+a5xxIkiMssU1wIi1vKwzHfw45jb/bHTkZz7gZu+K5F8NfDsaJF5ialrwS4uI5f9ZZWedyQE9QWb58emOBk0AcxqfhjV9N0G807XLI29xGFuYPnV1IYEHBUkc7B+Vffn7HmvP4g/Z28KzzSF5rOB7B89hDIyIP+/YSvz+8Ijbp+pxFjt+zqcE8fxV9q/8ABPiUyfAOSMtnydauUA9PljbH/j1AH0RRRRQAUUUUAfOv7T+pW1p43tLLUMGwuvD8/nBugKSb1P4YNfJHie0jla9sFvZrixvP9L0y5Y5zGcHaP9xhyo7HNfVP7VQU/FTwyrqHRtMlDKRkEeZXguseE7jRZJra1019b8NXL+YttER9p0+TrmPJG5R7EHBx70AePTjVbi0TT/3SwrnDbzs56444zVeHRrjzPL86346sHyP05Neo2+ipvib/AIRTXpZMFbjIKFs5w6szcEDHByOPepYtC1BWgP8Awh9xIVDLP5l1GgkBGFbhyQwyT3HA465bd9wPOoNPlEiCaaa58kjyowhxn157V3HhOAWsLTXk8STN1UuPlHp1rRh8P6vGIG/4RrTd8W5X8y5XEqHoCAvBHPzDnp6UQ+Hteijh/c6Ojw5C5ZjuU9VYBfmHXrzRcVi8l1YPKAdWt4GHWRZclR3Py5OPU03UrxZpY7W0hM1jbRM32eTH+nRORvmjx/GCoA5yNvswqlD4e1mAQn+0rBJLdiYnEDOVB6rksMr1OCO5qNNBv4xGp1rYIpTLEIrYL5bHrjJOB7dKGxjmlcSReU0dzMIv9Hdx8moW+fmhk/6aD35468LVYTIDbNbTyIAT/ZtzJ1hYfetpfUc8dR83+0cObQmGRJqt0QZfOCoqIFf+8ABwenT0HpUUmjQfvTJeXsnnNvlBlwHbnk4AyeTz70gI2MBhZWZrW2E53qPv6bc+o/2GI9un+zyS7V+0m7jOHYDUrdCPnH8NxD6nnJ69c9Dw2XS7PzC7m4kYjBL3DnP61XfTbANu+zKzerEn+dAD57hopGLTW1xcRRAM5bEd9b4GA3o4GPQ8f3qqtdWULRLDeIoQGSyuGI3R+sUo7g8joRz6E05rS0U8WsOf9wU0pGvKxoPooFAD9G1G3i1OG6fTFurFJBcG0m4jWYdNh6lScEgYB6HoKzfGF5d6ldXOpX87T3dy5klkbqSf5DtirpJJrL8QH9wfpQBW0YbtE1gH/n1X+Zr7X/4J5W6w/AW4kUnM+uXEjfXy4l/kor4q0BVfR9Z3KGxaAjPY/NzX23/wT6/5IB/3GLn+UdAH0PRRRQAUUUUAfM37VZA+K3hb306X/wBGVxjAj6+ldn+1Spb4teFvRdMlJ/7+VxcudxwaAIpJG6Z/Gq0mT3qw4AODxVeYDkD0oAqykgYzz9aqTdatyYI9Paqc3X1zQBUmqnNjFWbyWOEAu2CxwoxksfQDqTUE8Vyg3TRLbIehuJFQ/wDfPLfmKAKMx6/zqnN9KtxlLyZ7eyuba7nj+/FBMrSD/gBwx/AVTlPLLjaynDAjBB9xQBUl65qtLVmY4JxVSU9aAIJOagY1M5z34qBzQAwkZ61m+IP9Sa0ST2rM1/8A1B+lAEWglhous7V3E2qgjPQZbJr7b/4J8kH4AHBzjWLnP/fMdfE/hiZYNP1WV/ui3UYAzkksAK+1f+Cfls1n8FNQtpdgkGuzsQrZ4MMOP5EfhQB9FUUUUAFFFFAHzV+1Rx8UfDJ/6hsn/oyuHY8HuQa7f9qrH/C0fDOf+gbL/wCjK4WRiO1AEch696rvj6VM596rSn1P5UAV5eWIB4qjfS+UgO0F2OEUnAJxkknsAMknsAauynJ7Vy/ihbu5tWngdVgMnlM3IJjU/MF+rgg/7g96AJNM1tba7kltbYXV0RtEzjGR7D+Ffbqe+afcT3l5L5t5cEv6RjaB+PWq9hbrbwKoA3tyx/pUpePLKHRnUZ2g81SQhuxFb5Tsc9+pP51ZkgTWQLa4dY9QAxbXJ43nsj+oPr2/SsyzJ8wzTuFc/dVjg/l2q4w4yOo5BFG4HOzCRHkiljaOWNikiN1VgcEGqspro/Gied9h1sABroG3usdDNGBhvqyH/wAdNc1KRUjIZCKryVNJUDmgBjdazde/1B+laJIzWbrx/cH6UAQ6D/yDNQ/3Yf8A0M19yfsLEH4X6oQc/wDE3kB/74SvhvQD/wASzUP92H/0M19xfsKRqvwx1dxnc+ryFj/2zQfyoA+g6KKKACiiigD5o/asOPih4Y/7B0v/AKMrg5GPOTXdftYf8lP8Mc/8w6X/ANGVwMjDPWgBkhHODVdyATUkhHrzVaRvegCG4k2Rs/YDJqr4khW38NeG7cD5rhPOk98KD/NqluRvidT3BFV9euPtWjeG5epit2ib2O1cfyoQHP8AiC7a0swsTbZJW2g9wO5rBt22kEE59a0vGKkQWsvOA5U/iP8A61Y0D9KpiRrQuSeeSa24U8uIISSR1rnIX6EHkV0NvOlxEHXjH3h6GhAxdbw3g+5U/wDLK9gkT6kOp/Q1yTnIzXU+IWEXhXk/Nc3yIv0RWY/zX865RzSe40ROaruePapXPNQuaQEZPNZ+u/6g1oHqKztc/wBQfTFAEegf8g3Uf92H/wBDNfcv7C4A+FepHepY6vJlRn5fkTvXwz4e/wCQZqP+7D/6Ga+5v2F/+SX6of8AqLyf+gJQB9AUUUUAFFFFAHzH+1mcfFDwx/2DpP8A0ZXn0jDPXIrvf2tz/wAXS8Mf9g2T/wBGV53KeT6UAEjYHHpVeRjjg052I6mq7tx2oAZI3rzXGeLNRv8ASL3T3abOirPsmQqPkL5KPnrj7y/8A9xXWysazdUt4by2kgnhWaN1KPGxwHU9V9uQCD2IBoAh1S1W/wBPkt1YfOA0behHSuNhEyzm3aJ/OU4KY5zXpXh3QLe90pbfRrzM9uNn2ac4fHYZ9f0PaqHHnzRjY0sDmKYIQxRgcEHHTkVW4jko1mWUQtE4kPAUjBrp9OtnSOG1jUvPIQML1LHtVuG3uZnVIomLN0yMVT1PVotLjktdLnWbUZFKS3SfctgeoQ/xP2z2+tGwGd4yuo5dUj063cPb6ahhLjkPMTmUj2BAX/gNYMhp5VI0CIMBRgVC/wBakZE54qF6kc1AxoAQnms7XP8AUH6Vf71n62f3BoAb4d/5Bmof7sP/AKGa+5f2F1UfDLVnAO5tXfdz6RoK+HfC0Rn07VUVtrCBGU46EFiP1Ffbv7As7Xvwavr5ovLMmszLjOc4jiyfzJH4UAfQ1FFFABRRRQB8t/teNj4peF+f+YbJ/wCjDXnUjV6D+2CcfFTwuR1/syT/ANGGvN5G5PpQAO1V5H6+ppZHzVeR/f60ANlftniqkjcVJK1V5GJNAELsUlWaN3jlX7roxVh+IqIXUkVxJcpHbfaJDmSX7OgeQ+rEAEn3NErc1WlNAC32oX10jRy3BETDDRxgIpHuFxn8c1mvhRtAwPSp5TVWU0ARSH6VXkPFSyGq8hz1oAjeoWPNPc5qJjQA3JzVDW/9QfpV3PNUdb/1BoAn8Ff8euqf9e4/9mr7V/4J7sG+AkwH8Ot3IP8A3xEf618VeCv+PTVf+vdf/Zq+0v8AgnmMfAe6Prrtwf8AyHDQB9G0UUUAFFFFAHyp+2McfFTwsf8AqGyf+jDXmkrnJwePrXo/7ZbD/hafhYemmvn/AL+GvMpCM0AJI2B/Oq8j/j6UrseScVDI1AEcjdBVeRvUnNPkbjFV5G7npQBFK35VWkJPGakkaq8jZFAEUhA6mq0jVLIc1XkbnFAEUnpUEh7VI5qB/rQAxzULn0p7n8aibg0AIOoqhrf+pNXs81Q1o/uTQBa8E/8AHpqn/XBf/Zq+0/8Agnn/AMkHuf8AsOXP/ouGvivwT/x6ar/1wX/2avtT/gnn/wAkHuf+w5cf+i4qAPoyiiigAooooA+Tf2zjj4qeFvU6a/8A6MavMJG56816X+2i2Pix4V5/5hbn/wAimvL5GHPPWgBjtmoJGHrTnPHWoHb1NADHNV5G/wD1U+RhVeRvU5oAjkY5qvIcd6kc+tV5DQBFIagcntUj8d6gc4oAjc9agepHNQueaAGOaiant3qJzQAmeRVDWf8AUmro61S1j/Un6UAW/BP/AB6ar/1wX/2avtT/AIJ6f8kGuP8AsOXP/ouKvirwSP8ARNV5/wCWC/8As1fa3/BPX/kgs/GP+J3c/j8kVAH0XRRRQAUUUUAfIv7axx8W/Cf/AGDH/wDRrV5dI3J5r0/9to4+LXhMf9Qx/wD0a1eWSMcnmgBjH16VXkPOakc/jUDk+35UAMkPU1Wc88VLIx7VXkbmgCNz61XkPepJD71A7e9AETmoHqV6gc0ARueaic1I5qBz70AMc1ExOaex61GxzQAg681S1j/Umrg61S1f/U0AW/BP/HpquP8AngP/AGavtr/gnyMfAJj66zcn/wAdjr4l8E/8emq/9cB/7NX27/wT8P8Axj+v/YXuf5JQB9C0UUUAFFFFAHyD+23/AMlc8Jj/AKhb/wDo1q8qkxk4r1P9t3I+L3hT/sFP/wCjWrymUnOaAI3NQSEE1K5qBznpQBExqCQ1K5FQSGgCJzUDkc96kc4qCQ0ARuagc9cU9zUL80ARvzUTHBqRzUTUAMY1Exp7Go260AAPOapax/qTVzvzVLV/9SaALngj/j11X/rgP/Zq+3P+CfRB+AJHprFyD/3zHXxF4H/499U/64D/ANmr7Y/4J5/8kGuf+w5cf+i4aAPoyiiigAooooA+PP24Dj4veFP+wU//AKNavKJWOc16r+3EcfF/wr1/5BLf+jWryeU80ARufwzUDt+VSOahc5oAiduKhkJqRyO1QOfz96AI3+tQOe9SufwqBjQBG55qF6kYjkVC9AEbmomNSMSKiagBjnvURcE4Bq3p8aS6tZRScxvcRqy+oLAEVoeJdW+1tPZf8I/punKkxAmt4GR8AkYyTjBoAxB1qlq/+qq4OMVT1f8A1RoAueB/9Rqn/XuP/Zq+1/8Agnn/AMkHuf8AsOXH/ouGvifwR/qNUH/TuP8A2avtj/gnl/yQa5/7Dtx/6LhoA+jaKKKACiiigD44/bjOPjB4V/7BLf8Ao168mlOD1r1f9uY/8Xh8K/8AYJb/ANGvXksh59qAI3NQyHrmnsahc0ARuc1C5qSQ81A5oAjc1CxqSQ+tQv1oAjY571C9SOT61E3SgCNjUbGnNUbmgB1qglv7WIkqHmRdw6jLAZHvXQ+M9Qu9RjZotQvZNOUBmt7qbzGDiR485AH9zP41zlsHN7biNtshmQK3odwwa6bVptO1RpNOi1KzimlmAdodMaIu4JABYMeM0AciO1VNW/1Rq2pzwRjFVNW/1VAFzwR/qNU/69x/7NX2x/wTy/5IPdf9h24/9Fw18T+CP9Rqn/XuP/Zq+2P+CeX/ACQe6/7Dtx/6LhoA+jaKKKACiiigD40/boP/ABeHwr/2CG/9HPXkkhr1r9uk/wDF4vCo/wCoQ3/o568ilNADHOf8agc+lPY8e9ROe+cUARuePSoXNSOahc0ARvmoX7809j2qJj+VAEb1E9SOahfHrQAxzUbU9utRuTQAkbtHcwyJjKSKwz04Pf2rX1n7LBayyWcUEUs0qs7R3wlIIJPAwCOe9Y8W37TCW6eYufzFaWpHVbgzxXNnKw35jK24G3BPcD0oAyV7VU1b/UmrSmquq48qgC34IP7jVP8Ar3H/ALNX2x/wTx/5IPd/9h24/wDRUNfE/gj/AFOqf9e4/wDZq+2P+CeP/JB7v/sO3H/oqGgD6OooooAKKKKAPjD9uw4+MfhX/sEH/wBHPXkMhr1z9u5tvxl8KZ76Qf8A0dJXkMhOaAGMfTFQuaex96ic8cUARueahc89akY1ExoAjc1C9SOahYnrQAxzUTU9zk9aiagBrGom/Wnk80xqAGgAyIp6FgD9CasSyYtNi7lkUsfM3nJG9hj8gKr7HfIRGcqNxC9cDvT7uSaWQySS+cMAGQdOmcUAQrVTVf8AVVbHWqmq/wCq4oAt+CP9Tqf/AF7/AONfbP8AwTw/5IPd/wDYduP/AEVDXxN4J/1Op/8AXv8A419s/wDBPD/kg93/ANh24/8ARUNAH0dRRRQAUUUUAfFf7eeP+FyeFP8AsEH/ANHSV5BIea9g/by/5LJ4UH/UIP8A6OkrxxWkubmS3tImnkiG6UqMiMZxkn6mgBrHvUTmtO48O+IYjOGtIWaFPMZVl5Mecb17MPcVXk0TWxJHGunmQyxebH5cgPmKOu31IweBzwaAM5zUTn86tNY6hthb7FKROxWIjB3HOCOO/I49xVeS3ulV2a3kVUbY5KH5W9D+RoArueOaic5PpU7wzAspjYFfvAjGKiMMv93PpzQBC3TrUROamaGY/wDLNuajaGcA/un/AO+aAIWphp7JIOsbj8KjY+1ACB5Yj5kD7JMEA/0PtUlxMpXybdPKgJDFep3fWoSwppYZoAUdRVXVf9VVoVU1X/U0AW/BP+q1P/r3/wAa+2v+CeH/ACQe7/7Dtx/6Khr4k8Ff6rU/+vf/ABr7a/4J3/8AJB7z/sPXH/oqGgD6PooooAKKKKAPiv8Ab1hvp/i94YTT7d55zox2hBnb++cZ/MiuZ8J6TFoemW0VsY5LqVTJHcN925cgb4JPQ8HGcH8xXt/7UulW83jfTb263xifQLlIJkHKSQTxSnHr8hc4/wBk143cT7oZftEXLRiS9hj6OuPkuYvf5snHHX8ACZplUQ+VM1skcpW0ll+9aTDkwyZ/gJPBP9DVSeaNInV0ktLeOfEqKCW0+fJG5e5Q46fQfWKWZy8hfbcyNETKucLfQA5Ein/nouMn/d9jmm87BoWgkE0rRkWsrj5buLoYZB/eHP6CgCS7nP8ApS3MIO4A38EfTP8ADcR/nk/73vxUlmYzMziO4uDF8392/h9fZ1x79PVea7TKvkfZrhkRHK2c0h5hbnMMnsTn8896pPJGIyGWS3gEg3KeHsZvUD+4ce36cgEzyqUh8llORiymcfeH8UEn54/EdjxQuPsvlggGKDzMIT96zmPY+qkj+uMjBLiZiLgTxAkgG8hXo/pMnbPPP19zirLK5kPKzTNFyf4byL/4sf09uQBJ1tw0zSQAYO27hXqnpKnt7e+Ohqu6EOiqyNNEu5MHC3MXoP8Aax+PXuKb5x/ctDL04tZmH5wv7c+4/A8VnZPL2tvihEmSB961l9R/sn/PIoAcx+QLHdSLHKcwSk8o3dHH9fp70j3MoZpHYhF+S4h2gtEezj1H59/amMzZm8yNSxGbmAfdlXqJE7Z/z3NNBbfEUkEku3/R5SOJk6bH9+3P0z0oAVpLjBiC20s4+ZP3YK3Cdcr7+39RTPNhcA/ZbQwzDEUjJgI391/Q+/Hr0qPMflKQxjt93ytk77WTP57f89ac7HfKZI1L4/0mBeA47SJjjI68fyzQBn3kIjDv5JheNtssWc7PQ/T3rM1X/VV0LAuUUSq8m3/R5m6Sr/cbPftz/hWBrCKkPygqAdpU9V9qALHgr/V6nj/n3/xr7Z/4J3/8kIvP+w9cf+ioa+JfBTAxamc/8u/+Nfb3/BPNCvwFuGIwH1y4I9/3cQ/pQB9GUUUUAFFFFAHmP7R/h7UNV8Cx65oloLzV/DdyNTgtsZ+1RKrLPb+p3xM4wOpC18tXtmv9lWviDwzM9/4auW83Tr5RubT5Dkm0ucfcwTjnjuM19z30skL707DoelfK3xk+FPiTw/4kvfHPwW1h9Iub0mTU9E3hYJ35JZFPyHOT8jDgk4I6UAeSTXsGwje9vGkv3c/NYz9yP9hj/L25q3VxGRPFcI0abh9shj5MTjpPH7Hv7HrzUd98UPHFpcyQeJ/hv4YuJ8eXO0+itFI4Hq0bAHp9KiT4s6J5ySap8KtJ3IhRDbXc0OFOcrgkjHJ/OgBt3dFmnaYrNJIgNyini6jzxKp/vDBJPsT61UM0hmXyZBPMVxE7/du4/wC43+0OmOemO1W4viF8MZYkW7+H2t2hjYvE1nrRPlk9dodeB3xR/wAJD8FLuKZZIfH1g0rbwg+yypE2eq4wR6UAZQnXERhlZFDH7LKx5iPeJ/br+fTk1WkdBG2QYYlf50Gd1rL/AHl/2Tj/ADgV0bN8ILzMi+PNbtnlGJkudHJDn+8drcH3FH/CPeBZ1jaz+MGivcY2EXmn3EKsn91jg/n/AIUActKx3TCWMOQM3MS9HHaVPf8Ax9zhreY0incJJWTKMelxH/db/a47+nsK7AfD6CTaulfEvwJeOnzW+3Vwsi/7BDKOOf8A63Jp5+E3i2VvLs5dDv45DuK2mqQt5T/3l+Yce3FAHEJt/dFJWRNxFvKesLd0b/Z/xzjk0jlBHIHi2x5/0iADmJum9Pb8vT0rsbj4V/ExN8j+ELu4z8swt3jkWYf3gVY/N+HvWTdeC/HFnJtl8J69HJEv7uWTT5NrL/cfjHTjv6UAYZ8wyHO2WcpyOq3Sev8AvD+meopoKlYTHKVQE/Zpj1jPeN/b8xz6E1Jc6fqVtEGuNK1G2g3fKXgdWt5PbI6H/PSqrXIQy+amJODcQngSDs6+/P6+9AEjhfLkLRFY93+kQgcxN/fX2/8A1ela2mWNrP4T8XapqsImisdORYp1HyyTSSKsRz13fe+oBzUPhnQfEfiq9isvDOlXmp3ZGIrhIj5Xl9xK3RQBnljjjHpU3xa1HSdB8NWnwy8O30WotBdG+16+t33wy3eNqwxN/FHGCRnuxJ7UAYGlajYSaDeyWejw6dHDAqySCVpHmfDZJLdAcjgegr7y/Yh0d9J/Zy0B5UZJL+S4vCCOzSsqn8VVT+NfB3grwnrHjDxTonw/0VH+16jcKblgpIgU43O/+yiDcfoR1r9TfDWj2Xh7w7pug6arLZabaRWlurNlhHGgRcnucAc0AaFFFFABRRRQBHNEsow1YWr+HIr1CAcE10NFAHi3iz4P/wBrB/3mc+vNeY69+zvrjAiyvWjXsFAAr63ooA+FdX+AHjhDuUW02P79qhz+lcxqHwW8cwvltB0+UDqBCRn8jX6IFVPVQfwpjQQt96JD+FAH5un4Q+J9xFz4XTn+KN3BH64psfwV1/GZNKlwPXOf0r9IDZWh628Z/wCA006fZHrbR/lQB+ZusfCbVrJWY6dc8dh0rk5/DdxZSst0t1aEfxCIsD+XSv1VudA0m4UrLZRMD/s1z+p/DTwnqGfP02E5/wBmgD8xYftNq5Fr4jmgI54lli/wrWs/Fvju1QCy+IGr7E6KuqyED8C2K+/9R+AngW7yTp0Yz6Cud1D9mPwRcZKWyrQB8eW3xS+L0G0p4xvLhRwBI0cqn8CDVxvjT8V1fZeXGm3RHafSLdsf+OV9L337JvhiTPksU/z9apxfsq2Vu4MN5IAOg3H/ABoA+YvEfxH+JniexfTtS8Rz2thINsltZxpaxuvowjC5Hsab4G+HOu61cxLo2lvcSMfkuJh5dvF/tMx649Bn8a+wtC/Z7stOkEhMbMOclRmu/wBH+HMViFG/gdqAOV/Zp+Ffhv4YabPdRz/2v4n1FcX+psmAFyD5MQPKx5AJ7sQCeihfbVOVB9aydN0dLNQFxxWsowoHoKAFooooA//Z',28000);

/*!40101 SET SQL_MODE=@OLD_SQL_MODE */;
/*!40014 SET FOREIGN_KEY_CHECKS=@OLD_FOREIGN_KEY_CHECKS */;
/*!40014 SET UNIQUE_CHECKS=@OLD_UNIQUE_CHECKS */;
/*!40111 SET SQL_NOTES=@OLD_SQL_NOTES */;
